Date,HIGH,CLOSE,LOW,OPEN,COUNT,VOLUME
2013-03-26,27.760306519999997,27.745202980000002,27.458235719999998,27.579064040000002,3679,3179753
2013-03-27,27.782961829999998,27.654581739999998,27.565470854,27.601719349999996,3871,3402611
2013-03-28,27.813168909999998,27.70744413,27.57151227,27.70744413,3787,14388727
2013-04-01,28.17565387,28.13034325,27.73009944,27.75275475,5028,5111514
2013-04-02,28.46262113,28.37199989,28.18320564,28.28893042,4532,5299105
2013-04-03,28.387103430000003,28.15299856,28.10013617,28.29648219,4569,4600149
2013-04-04,28.66651892,28.62876007,28.18320564,28.20586095,5181,4457560
2013-04-05,28.72693308,28.711829540000004,28.3946552,28.409758739999997,4189,4537375
2013-04-08,28.538138829999998,28.409758739999997,28.304033959999998,28.3191375,4038,4170203
2013-04-09,28.61365653,28.515483519999997,28.32668927,28.46262113,3550,3245986
2013-04-10,28.9232791,28.832657859999998,28.515483519999997,28.530587060000002,3397,3443160
2013-04-11,29.300867599999997,29.10452158,28.847761400000003,28.85531317,4524,4691701
2013-04-12,29.18003928,29.142280430000003,29.02145211,29.05165919,4284,4310736
2013-04-15,29.112073349999996,28.658967150000002,28.63631184,28.862864939999998,6021,6153653
2013-04-16,28.90817556,28.65141538,28.64386361,28.87796848,4343,4496343
2013-04-17,28.696725999999998,28.530587060000002,28.356896349999996,28.55324237,5997,4690913
2013-04-18,28.75714016,28.50037998,28.45506936,28.71938131,4873,3817206
2013-04-19,28.96858972,28.90817556,28.515483519999997,28.58344945,3821,6481684
2013-04-22,29.270660519999996,29.24800521,28.96103795,29.03655565,3638,5074574
2013-04-23,29.451902999999998,29.451902999999998,28.96103795,29.300867599999997,4700,4005885
2013-04-24,28.13034325,27.97175608,27.66213351,27.98685962,9817,8170267
2013-04-25,28.273826879999998,28.15299856,27.99441139,28.13789502,4519,5724427
2013-04-26,28.17565387,27.97175608,27.85092776,28.15299856,4329,7948806
2013-04-29,28.19075741,28.1681021,27.95665254,28.04727378,2581,3638931
2013-04-30,28.409758739999997,28.28893042,28.15299856,28.23606803,4392,6492484
2013-05-01,28.674070689999997,28.364448120000002,28.3191375,28.32668927,5142,4646803
2013-05-02,28.57589768,28.364448120000002,28.251171569999997,28.387103430000003,2994,2676051
2013-05-03,28.598552989999998,28.198309180000003,28.107687939999998,28.58344945,4041,5120945
2013-05-06,28.18320564,28.00951493,28.00196316,28.13034325,3165,2905457
2013-05-07,28.334241040000002,28.334241040000002,28.00951493,28.085032629999997,3034,3180449
2013-05-08,28.58344945,28.568345909999998,28.213412719999997,28.26627511,3840,3651285
2013-05-09,28.530587060000002,28.19075741,28.092584400000003,28.47772467,5015,4300838
2013-05-10,28.334241040000002,28.213412719999997,28.070684267,28.31158573,3865,5059321
2013-05-13,28.18320564,27.941549,27.896238379999996,28.1681021,3520,3998998
2013-05-14,28.115239709999997,28.115239709999997,27.83582422,27.95665254,6168,5241300
2013-05-15,28.568345909999998,28.34179281,28.1681021,28.213412719999997,4558,5244763
2013-05-16,28.3946552,28.228516260000003,28.19075741,28.25872334,4467,3767234
2013-05-17,28.29648219,28.273826879999998,28.085032629999997,28.16055033,3994,5827590
2013-05-20,28.273826879999998,28.107687939999998,28.039722010000002,28.228516260000003,4112,3750028
2013-05-21,28.077480859999998,27.896238379999996,27.790513599999997,28.04727378,5281,6619842
2013-05-22,28.069929090000002,27.654581739999998,27.52620165,27.85847953,6678,8418485
2013-05-23,27.79806537,27.745202980000002,27.450683950000002,27.473339260000003,4800,4526570
2013-05-24,27.77541006,27.75275475,27.52620165,27.54885696,3481,4414706
2013-05-28,28.04727378,27.322303859999998,27.307200319999996,28.0170667,5950,7886881
2013-05-29,27.224130849999998,27.118406069999995,26.8087835,27.20902731,6160,5683868
2013-05-30,27.24678616,26.8087835,26.8087835,27.07309545,6556,6782969
2013-05-31,26.8087835,26.42364323,26.42364323,26.65019633,6475,12108249
2013-06-03,26.58978217,26.48405739,26.114020659999998,26.416091459999997,6220,5868998
2013-06-04,27.08064722,26.93716359,26.544471549999997,26.5822304,6687,6772958
2013-06-05,26.928101466,26.62754102,26.61998925,26.90695651,4665,5098644
2013-06-06,27.07309545,27.04288837,26.5067127,26.58978217,5474,5014551
2013-06-07,27.193923769999998,26.77102465,26.71816226,27.186372,6937,6017287
2013-06-10,27.26944147,27.17882023,26.95226713,27.09575076,4465,4458635
2013-06-11,27.3374074,27.005129519999997,26.97492244,27.1108543,5948,3879302
2013-06-12,27.29209678,26.899404739999998,26.869197659999998,27.20147554,3805,3031341
2013-06-13,27.479380675999998,27.4129251,26.899404739999998,26.90695651,4554,3991873
2013-06-14,27.42047687,27.118406069999995,27.10330253,27.307200319999996,4720,3722845
2013-06-17,27.29209678,27.005129519999997,26.79367996,27.2618897,4454,4132598
2013-06-18,27.443132180000003,27.314752090000002,27.027784829999998,27.05799191,3324,2823155
2013-06-19,27.29209678,26.61998925,26.61998925,27.23168262,5803,4511278
2013-06-20,26.574678629999998,25.94032995,25.925226409999997,26.431195,6629,6561839
2013-06-21,26.226542032999998,26.03095119,25.7515357,26.00074411,6673,24647742
2013-06-24,26.31791845,26.02339942,25.774191010000003,25.910122870000002,6442,4982340
2013-06-25,26.58978217,26.45385031,26.091365349999997,26.18198659,4904,4952941
2013-06-26,26.80123173,26.680403409999997,26.5067127,26.77102465,5644,6626357
2013-06-27,27.147102796,26.90695651,26.8087835,26.8087835,5356,3497948
2013-06-28,26.95226713,26.733265799999998,26.665299870000002,26.83143881,5325,8765049
2013-07-01,26.93716359,26.6577481,26.5822304,26.710610489999997,4113,5244521
2013-07-02,27.035336599999997,26.83143881,26.56712686,26.5822304,4065,4834932
2013-07-03,26.990025980000002,26.899404739999998,26.5822304,26.79367996,2783,3098500
2013-07-05,27.10330253,27.05799191,26.61998925,27.05044014,4717,3881086
2013-07-08,26.94471536,26.869197659999998,26.72571403,26.86164589,4105,3901962
2013-07-09,27.05044014,26.8843012,26.838990579999997,27.005129519999997,3870,3751438
2013-07-10,26.94471536,26.72571403,26.61998925,26.876749430000004,4516,4573209
2013-07-11,27.193923769999998,27.08819899,26.94471536,27.05044014,4215,6706133
2013-07-12,27.10330253,27.04288837,26.854094120000003,27.08819899,3513,4186313
2013-07-15,27.005129519999997,26.846542349999996,26.62754102,26.92206005,3903,3442275
2013-07-16,27.1108543,27.09575076,26.8843012,26.899404739999998,3308,3343261
2013-07-17,27.42047687,27.156164920000002,27.111609477000002,27.186372,3660,3693393
2013-07-18,27.17882023,26.990025980000002,26.89185297,27.1108543,4008,3525629
2013-07-19,27.07309545,27.04288837,26.823887040000002,27.05799191,4597,7986085
2013-07-22,27.09575076,26.869197659999998,26.838990579999997,27.035336599999997,3953,3595280
2013-07-23,27.148613150000003,27.04288837,26.8087835,26.959818900000002,5685,5069703
2013-07-24,26.8087835,26.733265799999998,26.37833261,26.740817569999997,6950,5501407
2013-07-25,26.854094120000003,26.77857642,26.552023319999996,26.552023319999996,4069,4308908
2013-07-26,26.959818900000002,26.8843012,26.665299870000002,26.733265799999998,3691,3711077
2013-07-29,27.186372,27.09575076,26.86164589,26.8843012,5187,4123163
2013-07-30,27.23923439,26.74836934,26.740817569999997,27.23923439,4869,5204062
2013-07-31,26.869197659999998,26.63509279,26.599599470999998,26.75592111,5717,6571544
2013-08-01,27.05044014,26.97492244,26.710610489999997,26.93716359,4878,4810538
2013-08-02,27.02023306,27.012681290000003,26.81633527,26.91450828,3752,4441256
2013-08-05,27.07309545,26.93716359,26.86164589,26.91450828,5469,2741877
2013-08-06,26.929611819999998,26.79367996,26.74836934,26.90695651,2886,2532359
2013-08-07,26.97492244,26.876749430000004,26.74836934,26.74836934,3685,2607098
2013-08-08,26.97492244,26.65019633,26.524081771,26.899404739999998,3242,3525532
2013-08-09,26.665299870000002,26.280159599999998,26.242400749999998,26.61998925,3533,3740479
2013-08-12,26.407029336,26.370780840000002,26.227297209999996,26.242400749999998,3259,3609775
2013-08-13,26.42364323,26.219745439999997,26.10646889,26.393436150000003,2656,3106029
2013-08-14,26.27260783,26.257504290000004,26.068710040000003,26.19709013,3334,3464983
2013-08-15,26.21219367,25.94032995,25.94032995,26.098917120000003,4501,3898566
2013-08-16,25.96298526,25.81194986,25.608052069999996,25.86481225,4308,7079282
2013-08-19,25.81194986,25.51743083,25.39660251,25.72132862,4043,3946792
2013-08-20,25.743983930000002,25.57784499,25.51743083,25.59294853,3080,3724845
2013-08-21,25.56274145,25.283325959999996,25.26822242,25.50232729,4012,4419208
2013-08-22,25.673752469,25.54008614,25.064324629999998,25.2984295,5860,5353652
2013-08-23,25.925226409999997,25.89501933,25.494775519999997,25.56274145,4670,4886455
2013-08-26,25.985640569999997,25.54008614,25.524982599999998,25.902571099999996,3271,3255702
2013-08-27,25.720573443,25.441913129999996,25.321084810000002,25.3739472,4892,4097075
2013-08-28,25.54763791,25.358843659999998,25.358843659999998,25.48722375,3255,3652375
2013-08-29,25.71377685,25.41170605,25.38149897,25.41925782,5688,4693680
2013-08-30,25.59294853,25.54763791,25.35129189,25.39660251,3674,7122223
2013-09-03,25.75908747,25.16249764,25.10208348,25.66846623,6943,7163570
2013-09-04,25.48722375,25.479671980000003,25.07942817,25.08697994,3914,3713606
2013-09-05,25.615603840000002,25.177601180000003,25.124738790000002,25.479671980000003,3396,3615639
2013-09-06,25.358843659999998,25.230463569999998,25.09453171,25.2984295,4816,4596525
2013-09-09,25.464568439999997,25.39660251,25.10963525,25.26067065,3578,3897657
2013-09-10,25.7515357,25.653362689999998,25.48722375,25.59294853,3370,3766401
2013-09-11,25.86481225,25.653362689999998,25.585396760000002,25.653362689999998,3659,5828041
2013-09-12,26.01584765,25.955433489999997,25.638259150000003,25.676018,5457,5564900
2013-09-13,26.219745439999997,25.91767464,25.83460517,26.0536065,3998,3604292
2013-09-16,26.219745439999997,26.10646889,25.947881719999998,26.18198659,3461,3671180
2013-09-17,26.31791845,26.242400749999998,26.10646889,26.10646889,3092,4036566
2013-09-18,26.431195,26.393436150000003,25.910122870000002,26.257504290000004,5123,5254883
2013-09-19,26.393436150000003,26.28771137,26.19709013,26.37833261,3402,3357814
2013-09-20,26.30281491,25.91767464,25.83460517,26.249952519999997,6621,16860267
2013-09-23,25.9780888,25.84215694,25.45701667,25.97053703,5439,5160261
2013-09-24,25.89501933,25.743983930000002,25.68356977,25.743983930000002,3667,4585852
2013-09-25,25.947881719999998,25.71377685,25.64581092,25.743983930000002,3499,3483002
2013-09-26,25.99319234,25.849708709999998,25.743983930000002,25.766639239999996,4009,3750820
2013-09-27,25.789294549999997,25.660914459999997,25.54008614,25.7515357,3395,3518021
2013-09-30,25.585396760000002,25.54008614,25.45701667,25.48722375,4217,6716628
2013-10-01,25.85726048,25.72132862,25.50232729,25.53253437,4010,3766580
2013-10-02,25.72132862,25.630707379999997,25.48722375,25.660914459999997,5253,4563938
2013-10-03,25.623155609999998,25.40415428,25.39660251,25.615603840000002,4902,5047985
2013-10-04,25.51743083,25.48722375,25.3739472,25.43436136,3244,3681033
2013-10-07,25.774191010000003,25.676018,25.39660251,25.43436136,4011,4351338
2013-10-08,25.41170605,25.003910469999997,24.988806930000003,25.34374012,7139,7766889
2013-10-09,25.7515357,25.48722375,25.034117549999998,25.0718764,6538,7914466
2013-10-10,25.789294549999997,25.789294549999997,25.36639543,25.75908747,5744,5706259
2013-10-11,25.86481225,25.8270534,25.630707379999997,25.78174278,3406,4159509
2013-10-14,25.7515357,25.615603840000002,25.57784499,25.660914459999997,3498,5220759
2013-10-15,25.766639239999996,25.45701667,25.45701667,25.524982599999998,4585,4365837
2013-10-16,25.8270534,25.8270534,25.59294853,25.638259150000003,3738,5622201
2013-10-17,26.00829588,26.00829588,25.78174278,25.94032995,4411,6265309
2013-10-18,26.34057376,26.13667597,25.955433489999997,26.0536065,4688,9331773
2013-10-21,26.6577481,26.59733394,26.34812553,26.431195,5568,7167034
2013-10-22,26.71816226,26.604885709999998,26.47650562,26.59733394,4310,4885839
2013-10-23,26.680403409999997,26.63509279,26.370780840000002,26.5067127,5839,6358792
2013-10-24,26.431195,26.15177951,25.849708709999998,26.431195,6520,5800649
2013-10-25,26.61243748,26.574678629999998,26.18953836,26.18953836,4332,5058288
2013-10-28,26.86164589,26.86164589,26.61243748,26.6577481,3202,5186455
2013-10-29,27.54130519,27.39026979,26.959818900000002,26.96737067,5362,6833945
2013-10-30,27.488442799999998,27.38271802,27.163716689999998,27.4129251,5095,5050107
2013-10-31,27.55640873,27.3374074,27.186372,27.40537333,5638,8413838
2013-11-01,27.790513599999997,27.360062709999998,27.307200319999996,27.616822889999998,6016,7834272
2013-11-04,27.57151227,27.52620165,27.329855629999997,27.55640873,4292,4529896
2013-11-05,27.42802864,26.83143881,26.823887040000002,27.3374074,6150,8896838
2013-11-06,27.186372,27.05044014,26.982474209999996,27.005129519999997,4043,5333226
2013-11-07,27.04288837,26.51426447,26.45385031,26.997577749999998,5867,6936392
2013-11-08,26.55957509,26.55957509,26.098917120000003,26.431195,7656,7682310
2013-11-11,26.61243748,26.45385031,26.408539689999998,26.544471549999997,2935,3083168
2013-11-12,26.665299870000002,26.55957509,26.408539689999998,26.53691978,4627,5050073
2013-11-13,26.552023319999996,26.48405739,26.31791845,26.431195,4084,6838868
2013-11-14,26.710610489999997,26.552023319999996,26.47650562,26.48405739,3960,4409541
2013-11-15,26.78612819,26.75592111,26.5067127,26.5067127,4085,6287720
2013-11-18,26.91450828,26.8843012,26.71816226,26.8087835,4336,5150019
2013-11-19,27.05799191,26.97492244,26.854094120000003,26.92206005,2986,3636179
2013-11-20,27.13350961,26.733265799999998,26.680403409999997,27.02023306,4338,4351877
2013-11-21,26.869197659999998,26.6577481,26.574678629999998,26.77102465,5750,4418343
2013-11-22,26.74836934,26.74836934,26.47650562,26.61998925,2920,4701268
2013-11-25,26.846542349999996,26.710610489999997,26.67285164,26.74836934,2476,4050203
2013-11-26,26.83143881,26.64264456,26.63509279,26.733265799999998,3025,4813579
2013-11-27,26.740817569999997,26.740817569999997,26.581475222999998,26.64264456,1751,2975772
2013-11-29,26.83143881,26.58978217,26.5822304,26.8087835,2055,3110835
2013-12-02,26.58978217,26.280159599999998,26.280159599999998,26.56712686,4148,6392928
2013-12-03,26.27260783,26.234848980000002,26.068710040000003,26.242400749999998,3759,4633294
2013-12-04,26.15933128,26.1291242,25.8270534,25.910122870000002,5910,7663348
2013-12-05,26.098917120000003,25.86481225,25.83460517,25.985640569999997,5210,6072791
2013-12-06,26.10646889,26.076261810000002,25.902571099999996,26.083813579999998,4864,5707461
2013-12-09,26.227297209999996,26.19709013,25.88746756,26.0536065,4095,4968591
2013-12-10,26.363229069999996,25.9780888,25.97053703,26.249952519999997,4543,4521385
2013-12-11,26.01584765,25.638259150000003,25.615603840000002,25.955433489999997,4580,6299906
2013-12-12,25.766639239999996,25.59294853,25.48722375,25.69867331,5053,5851975
2013-12-13,25.638259150000003,25.56274145,25.3739472,25.57029322,4574,4677372
2013-12-16,26.061158269999996,25.789294549999997,25.72132862,25.73643216,4119,6467833
2013-12-17,25.89501933,25.56274145,25.494775519999997,25.8270534,4458,5272869
2013-12-18,26.00829588,25.96298526,25.39660251,25.56274145,5704,6601950
2013-12-19,26.03095119,26.01584765,25.774191010000003,25.85726048,5086,5215063
2013-12-20,26.13667597,25.902571099999996,25.87236402,26.068710040000003,5042,16823630
2013-12-23,26.257504290000004,26.19709013,25.99319234,26.03850296,4680,7336016
2013-12-24,26.416091459999997,26.393436150000003,26.204641900000002,26.249952519999997,2174,2113003
2013-12-26,26.55957509,26.552023319999996,26.385884379999997,26.408539689999998,3545,3102055
2013-12-27,26.61998925,26.56712686,26.40098792,26.47650562,3297,3425041
2013-12-30,26.6577481,26.5822304,26.46895385,26.46895385,3660,3681048
2013-12-31,26.63509279,26.552023319999996,26.40098792,26.544471549999997,4606,5955378
2014-01-02,26.65019633,26.393436150000003,26.393436150000003,26.62754102,5100,6686741
2014-01-03,26.552023319999996,26.280159599999998,26.13667597,26.552023319999996,5555,5268773
2014-01-06,26.46895385,26.40098792,26.280159599999998,26.431195,3453,4829617
2014-01-07,26.544471549999997,26.393436150000003,26.362473892999997,26.529368010000002,4978,6151727
2014-01-08,26.1291242,25.85726048,25.7515357,25.9780888,9852,9252480
2014-01-09,25.85726048,25.328636579999998,25.305981269999997,25.84215694,5284,6808721
2014-01-10,25.53253437,25.38905074,25.305981269999997,25.449464900000002,5276,6435667
2014-01-13,25.40415428,25.147394099999996,25.072631577,25.38905074,5759,7878852
2014-01-14,25.336188349999997,25.283325959999996,25.041669319999997,25.147394099999996,5039,6552514
2014-01-15,25.676018,25.51743083,25.336188349999997,25.336188349999997,4909,5262390
2014-01-16,25.72888039,25.64581092,25.53253437,25.57029322,3188,3174937
2014-01-17,25.660914459999997,25.449464900000002,25.440402776000003,25.660914459999997,3383,8278614
2014-01-21,25.676018,25.35129189,25.0718764,25.54763791,4872,5429310
2014-01-22,25.41925782,25.177601180000003,25.154945870000002,25.358843659999998,3854,3744186
2014-01-23,25.524982599999998,25.524982599999998,25.064324629999998,25.0718764,7307,6301528
2014-01-24,25.89501933,25.23801534,25.23801534,25.54763791,6476,7310069
2014-01-27,25.479671980000003,25.305981269999997,25.24556711,25.305981269999997,5685,8232544
2014-01-28,25.53253437,25.449464900000002,25.19270472,25.24556711,6108,4550999
2014-01-29,25.328636579999998,25.154945870000002,24.17321577,24.5432525,17141,11203757
2014-01-30,25.358843659999998,25.18515295,24.92839277,25.35129189,4988,4783761
2014-01-31,25.441913129999996,25.16249764,24.75470206,24.920841,5860,9806111
2014-02-03,25.13984233,24.12790515,24.090146299999997,25.13984233,12933,10417281
2014-02-04,24.505493650000002,24.505493650000002,24.165664,24.20342285,8798,7653876
2014-02-05,24.48283834,24.226078159999997,24.19587108,24.392217099999996,5854,5260573
2014-02-06,24.36201002,24.165664,23.96931798,24.36201002,7015,8257734
2014-02-07,24.43752772,24.392217099999996,24.13545692,24.286492319999997,6459,7164024
2014-02-10,24.505493650000002,24.49794188,24.33180294,24.48283834,5178,4264742
2014-02-11,24.95104808,24.883082150000003,24.550804269999997,24.62632197,5597,6004874
2014-02-12,24.96615162,24.875530379999997,24.779622901,24.845323299999997,4076,3526286
2014-02-13,25.2984295,25.290877730000002,24.701839670000002,24.79246091,5433,5552521
2014-02-14,25.20780826,25.034117549999998,24.96615162,25.18515295,6589,4839008
2014-02-18,25.08697994,24.78490914,24.64142551,25.064324629999998,4152,4932638
2014-02-19,24.93594454,24.80756445,24.6187702,24.686736129999996,5053,3725592
2014-02-20,25.200256489999997,25.05677286,24.67163259,24.79246091,4033,3828753
2014-02-21,25.09453171,24.769805599999998,24.75470206,24.97370339,4081,5553030
2014-02-24,24.80756445,24.52059719,24.51304542,24.80756445,4295,6414412
2014-02-25,24.550804269999997,24.29404409,24.20342285,24.5432525,5703,7005619
2014-02-26,24.38466533,24.165664,24.08259453,24.35445825,5774,5779294
2014-02-27,24.392217099999996,24.33935471,24.022180369999997,24.165664,6564,6679826
2014-02-28,24.40732064,24.112801609999998,24.010852715000002,24.35445825,5789,8522145
2014-03-03,24.15056046,24.05993922,23.98442152,24.0146286,5677,7635262
2014-03-04,24.33180294,24.278940549999998,24.19587108,24.226078159999997,4133,4948681
2014-03-05,24.34690648,24.263837010000003,24.17321577,24.34690648,3599,4617831
2014-03-06,24.445079489999998,24.422424180000004,24.248733469999998,24.278940549999998,3088,4083706
2014-03-07,24.60366666,24.573459579999998,24.369561790000002,24.49794188,4271,4433297
2014-03-10,24.573459579999998,24.550804269999997,24.30914763,24.42997595,4040,4469477
2014-03-11,24.558356040000003,24.33935471,24.278940549999998,24.558356040000003,3312,3797944
2014-03-12,24.528148959999996,24.45263126,24.286492319999997,24.32425117,4209,4365005
2014-03-13,24.664080819999995,24.42997595,24.395992985,24.535700730000002,3618,4175144
2014-03-14,24.61121843,24.535700730000002,24.369561790000002,24.42997595,4378,4760197
2014-03-17,24.83777153,24.83777153,24.56590781,24.664080819999995,3795,4626156
2014-03-18,24.95104808,24.905737459999997,24.808319627,24.883082150000003,3945,4106316
2014-03-19,25.177601180000003,24.89063392,24.78490914,24.94349631,5168,6457707
2014-03-20,25.774191010000003,25.743983930000002,24.94349631,24.94349631,8532,8645731
2014-03-21,26.280159599999998,25.902571099999996,25.78174278,26.280159599999998,7693,19870048
2014-03-24,26.249952519999997,26.02339942,25.86481225,25.902571099999996,7313,7090767
2014-03-25,26.341328937,26.219745439999997,25.955433489999997,26.01584765,6115,5846545
2014-03-26,26.45385031,26.13667597,26.13667597,26.393436150000003,5030,8906885
2014-03-27,26.45385031,26.40098792,26.13667597,26.15933128,5476,5873129
2014-03-28,26.55957509,26.48405739,26.257504290000004,26.5067127,5272,5163800
2014-03-31,26.8087835,26.48405739,26.431195,26.5822304,4862,6730007
2014-04-01,26.53691978,26.499160930000002,26.16688305,26.44629854,5365,5279471
2014-04-02,26.79367996,26.710610489999997,26.46140208,26.56712686,4821,5256794
2014-04-03,26.933387704999998,26.90695651,26.703058719999998,26.75592111,3647,5846649
2014-04-04,27.09575076,26.846542349999996,26.8087835,26.997577749999998,6326,6661934
2014-04-07,27.027784829999998,26.80123173,26.80123173,26.89185297,6233,6349629
2014-04-08,26.63509279,26.63509279,26.363229069999996,26.46140208,6378,6335182
2014-04-09,26.63509279,26.370780840000002,26.234848980000002,26.604885709999998,5703,5077143
2014-04-10,26.75592111,26.521816239999996,26.408539689999998,26.56712686,8264,6719243
2014-04-11,26.67285164,26.5822304,26.438746769999998,26.521816239999996,6727,6446777
2014-04-14,26.710610489999997,26.703058719999998,26.48405739,26.61998925,4452,3615170
2014-04-15,26.94471536,26.94471536,26.687955180000003,26.695506950000002,5467,5253538
2014-04-16,27.26944147,27.2618897,26.959818900000002,26.997577749999998,6356,5943643
2014-04-17,27.35251094,27.21657908,27.12595784,27.12595784,6071,6690594
2014-04-21,27.314752090000002,27.23168262,27.08819899,27.186372,4466,4404548
2014-04-22,27.495994569999997,27.40537333,27.186372,27.23168262,6602,5872784
2014-04-23,26.687955180000003,26.370780840000002,26.02339942,26.431195,12786,9155292
2014-04-24,26.47650562,26.0536065,26.01584765,26.45385031,5777,5232371
2014-04-25,26.091365349999997,26.04605473,25.91767464,25.9780888,5538,4532544
2014-04-28,26.544471549999997,26.49160916,26.114020659999998,26.13667597,7545,7256258
2014-04-29,26.78612819,26.74836934,26.47650562,26.6577481,4147,4315212
2014-04-30,26.990025980000002,26.959818900000002,26.62754102,26.680403409999997,4488,5722841
2014-05-01,27.17882023,26.869197659999998,26.740817569999997,27.012681290000003,5095,8527821
2014-05-02,27.035336599999997,26.90695651,26.83143881,26.95226713,4469,3433094
2014-05-05,27.005129519999997,27.005129519999997,26.77102465,26.8843012,3462,3492124
2014-05-06,27.005129519999997,26.80123173,26.79367996,26.990025980000002,4038,3552099
2014-05-07,27.156164920000002,27.005129519999997,26.823887040000002,26.823887040000002,3968,4969293
2014-05-08,27.82827245,27.488442799999998,27.035336599999997,27.08064722,8286,6688234
2014-05-09,27.5639605,27.518649879999998,27.326079745,27.473339260000003,4991,3639472
2014-05-12,27.737651209999996,27.616822889999998,27.310976205,27.6394782,5839,4389525
2014-05-13,27.59416758,27.3374074,27.10330253,27.57151227,7077,6256976
2014-05-14,27.616822889999998,27.48089103,27.193923769999998,27.299648549999997,4186,5370660
2014-05-15,27.6394782,27.579064040000002,27.443132180000003,27.473339260000003,5167,4433806
2014-05-16,27.782961829999998,27.745202980000002,27.57151227,27.579064040000002,4399,5975349
2014-05-19,27.751999573000003,27.473339260000003,27.012681290000003,27.17882023,15093,10617305
2014-05-20,27.443132180000003,26.8087835,26.752145224999996,27.435580409999996,8957,6984345
2014-05-21,26.95226713,26.63509279,26.5067127,26.95226713,6298,6108008
2014-05-22,26.8087835,26.71816226,26.61998925,26.687955180000003,6064,3662565
2014-05-23,26.846542349999996,26.67285164,26.61998925,26.71816226,5676,3698257
2014-05-27,26.72571403,26.58978217,26.5067127,26.703058719999998,7365,7256685
2014-05-28,26.8087835,26.687955180000003,26.58978217,26.67285164,5558,3581081
2014-05-29,26.75592111,26.72571403,26.59733394,26.695506950000002,2846,2816311
2014-05-30,26.83143881,26.78612819,26.6577481,26.680403409999997,3272,4846584
2014-06-02,26.842766465,26.76347288,26.6577481,26.8087835,4429,3504602
2014-06-03,26.8843012,26.5822304,26.544471549999997,26.76347288,4188,4290593
2014-06-04,26.55957509,26.46895385,26.393436150000003,26.55957509,5637,5545110
2014-06-05,26.521816239999996,26.5067127,26.280159599999998,26.5067127,5474,4826166
2014-06-06,26.5067127,26.44629854,26.34812553,26.47650562,4850,4177307
2014-06-09,26.521816239999996,26.438746769999998,26.385884379999997,26.47650562,3735,4568482
2014-06-10,26.499160930000002,26.385884379999997,26.329246105,26.370780840000002,4816,4044523
2014-06-11,26.46140208,26.28771137,26.280159599999998,26.40098792,3375,3522700
2014-06-12,26.33302199,26.30281491,26.144227739999998,26.31791845,4278,3785461
2014-06-13,26.544471549999997,26.45385031,26.26505606,26.370780840000002,5025,4752785
2014-06-16,26.495385045,26.416091459999997,26.363229069999996,26.40098792,4606,4240650
2014-06-17,26.544471549999997,26.44629854,26.393436150000003,26.40098792,4010,3575651
2014-06-18,26.58978217,26.5822304,26.416091459999997,26.42364323,4697,3818487
2014-06-19,26.72571403,26.703058719999998,26.59733394,26.59733394,3911,4928366
2014-06-20,26.997577749999998,26.72571403,26.703058719999998,26.846542349999996,3559,12298190
2014-06-23,26.76347288,26.72571403,26.62754102,26.76347288,2956,2632156
2014-06-24,26.86164589,26.65019633,26.58978217,26.71816226,4541,5161427
2014-06-25,26.65019633,26.62754102,26.508223054,26.58978217,3114,3287034
2014-06-26,26.6577481,26.62754102,26.51426447,26.63509279,4572,5078965
2014-06-27,26.75592111,26.740817569999997,26.5067127,26.544471549999997,3563,8661261
2014-06-30,26.838990579999997,26.703058719999998,26.680403409999997,26.78612819,3606,5348244
2014-07-01,26.823887040000002,26.79367996,26.544471549999997,26.604885709999998,4755,4426241
2014-07-02,26.93716359,26.93716359,26.75592111,26.79367996,4087,3052377
2014-07-03,27.08819899,27.06554368,26.956043015,27.08064722,2057,3780761
2014-07-07,27.2618897,27.20147554,27.07309545,27.08819899,3452,3657795
2014-07-08,26.982474209999996,26.854094120000003,26.740817569999997,26.838990579999997,4849,4689840
2014-07-09,26.96737067,26.92206005,26.81633527,26.93716359,3540,5061358
2014-07-10,27.012681290000003,26.959818900000002,26.74836934,26.80123173,4410,3239946
2014-07-11,27.05044014,27.005129519999997,26.86164589,26.959818900000002,2816,2572199
2014-07-14,27.141061379999996,27.08064722,26.97492244,27.08819899,2671,2397049
2014-07-15,27.448418419,27.36761448,27.12595784,27.148613150000003,5662,8537800
2014-07-16,27.601719349999996,27.52620165,27.435580409999996,27.458235719999998,5819,4186419
2014-07-17,27.54130519,27.20902731,27.171268459999997,27.38271802,5100,4428657
2014-07-18,27.329855629999997,27.314752090000002,27.186372,27.322303859999998,5342,5539866
2014-07-21,27.307200319999996,27.156164920000002,27.09575076,27.23923439,6942,4383186
2014-07-22,27.2618897,27.141061379999996,27.012681290000003,27.224130849999998,5862,3398023
2014-07-23,27.156164920000002,27.09575076,27.035336599999997,27.07309545,4593,3179800
2014-07-24,26.97492244,26.8087835,26.45385031,26.77857642,8476,8913364
2014-07-25,26.959818900000002,26.838990579999997,26.71816226,26.733265799999998,3140,2962626
2014-07-28,27.008905405,26.92206005,26.8087835,26.86164589,4348,3678071
2014-07-29,28.28137865,27.631926430000004,27.53375342,28.243619799999998,16038,11873813
2014-07-30,27.654581739999998,27.458235719999998,27.24678616,27.57151227,5191,4082367
2014-07-31,27.3374074,26.876749430000004,26.81633527,27.23168262,7868,7011496
2014-08-01,27.05044014,26.680403409999997,26.64264456,27.027784829999998,5169,5405033
2014-08-04,26.823887040000002,26.77857642,26.5822304,26.75592111,4869,4098886
2014-08-05,26.77857642,26.51426447,26.44629854,26.67285164,6742,4383545
2014-08-06,26.431195,26.144227739999998,25.947881719999998,26.431195,6908,5305183
2014-08-07,26.27260783,25.83460517,25.808173975,26.204641900000002,5109,4260812
2014-08-08,26.0536065,26.03095119,25.81194986,25.88746756,4933,4083702
2014-08-11,26.249952519999997,26.03095119,25.989416455,26.19709013,4549,3227006
2014-08-12,26.204641900000002,26.15933128,26.03850296,26.098917120000003,4663,3458206
2014-08-13,26.29526314,26.19709013,26.057382385,26.26505606,4249,3821014
2014-08-14,26.37833261,26.363229069999996,26.1291242,26.27260783,3230,2793492
2014-08-15,26.408539689999998,26.234848980000002,26.02339942,26.393436150000003,5792,7872474
2014-08-18,26.3556773,26.16688305,26.10646889,26.34812553,3981,3850884
2014-08-19,26.18198659,26.03850296,25.931267826,26.16688305,3545,3498093
2014-08-20,26.098917120000003,26.076261810000002,26.00829588,26.061158269999996,3321,2875859
2014-08-21,26.238624865,26.15933128,26.061158269999996,26.083813579999998,3862,3453697
2014-08-22,26.13667597,26.0536065,25.94032995,26.1291242,3128,3604211
2014-08-25,26.17443482,26.061158269999996,26.02339942,26.068710040000003,5069,3381769
2014-08-26,26.16688305,26.0536065,26.02339942,26.12157243,2986,2906548
2014-08-27,26.26505606,26.242400749999998,26.083813579999998,26.12157243,2878,4290386
2014-08-28,26.242400749999998,26.234848980000002,26.098917120000003,26.204641900000002,2569,2250859
2014-08-29,26.40098792,26.40098792,26.144227739999998,26.219745439999997,3059,3826312
2014-09-02,26.431195,26.31036668,26.205397077,26.3556773,3277,3039087
2014-09-03,26.427419115,26.408539689999998,26.29526314,26.408539689999998,3342,3188452
2014-09-04,26.42364323,26.385884379999997,26.30281491,26.408539689999998,3492,3518861
2014-09-05,26.623765135000003,26.544471549999997,26.34057376,26.3556773,3415,3936796
2014-09-08,26.51426447,26.438746769999998,26.359453185,26.5067127,3442,2705331
2014-09-09,26.46895385,26.17443482,26.091365349999997,26.46895385,3712,2898239
2014-09-10,26.26505606,26.204641900000002,25.97053703,26.227297209999996,3238,3942621
2014-09-11,26.34057376,26.31791845,26.0536065,26.15177951,3693,3331733
2014-09-12,26.359453185,26.0536065,25.955433489999997,26.31791845,3643,3941171
2014-09-15,26.26505606,26.19709013,26.00074411,26.12157243,4360,3714690
2014-09-16,26.431195,26.393436150000003,26.12157243,26.12157243,3766,3404444
2014-09-17,26.574678629999998,26.44629854,26.30281491,26.431195,3808,5992438
2014-09-18,26.61243748,26.552023319999996,26.442522655,26.544471549999997,3315,7207663
2014-09-19,26.79367996,26.78612819,26.604885709999998,26.710610489999997,3122,10071541
2014-09-22,26.846542349999996,26.8087835,26.65019633,26.733265799999998,3537,3569535
2014-09-23,26.8087835,26.62754102,26.604885709999998,26.8087835,4494,3992239
2014-09-24,26.797455844999998,26.733265799999998,26.56712686,26.6577481,3819,3624568
2014-09-25,26.737041685,26.49160916,26.416091459999997,26.733265799999998,4314,4370304
2014-09-26,26.687955180000003,26.64264456,26.40098792,26.544471549999997,4877,3685057
2014-09-29,26.62754102,26.604885709999998,26.408539689999998,26.521816239999996,5513,3043470
2014-09-30,26.729489915000002,26.61243748,26.5067127,26.59733394,7207,6604196
2014-10-01,26.604885709999998,26.40098792,26.380598141,26.499160930000002,7130,8116370
2014-10-02,26.521816239999996,26.408539689999998,26.29526314,26.45385031,7013,6124962
2014-10-03,26.733265799999998,26.703058719999998,26.49160916,26.59733394,5948,6272058
2014-10-06,26.982474209999996,26.80123173,26.709100136,26.854094120000003,4550,3331183
2014-10-07,26.89185297,26.680403409999997,26.669075754999998,26.823887040000002,5011,5787572
2014-10-08,26.55957509,26.544471549999997,26.144227739999998,26.370780840000002,8115,8092776
2014-10-09,26.58978217,26.17443482,26.1291242,26.51426447,6461,4996474
2014-10-10,26.280159599999998,25.86481225,25.85726048,26.242400749999998,8597,6748922
2014-10-13,25.932778180000003,25.54008614,25.54008614,25.796846319999997,6902,5455643
2014-10-14,25.72132862,25.55518968,25.468344325,25.57784499,7268,5463658
2014-10-15,25.660914459999997,25.57784499,25.003910469999997,25.449464900000002,13151,9657448
2014-10-16,25.543862025000003,25.40415428,25.10963525,25.34374012,8972,5858607
2014-10-17,25.8270534,25.73643216,25.42680959,25.524982599999998,6257,6688712
2014-10-20,25.89501933,25.88746756,25.56274145,25.73643216,6338,3935963
2014-10-21,26.16688305,26.144227739999998,25.7515357,25.88746756,5089,4741526
2014-10-22,26.27260783,26.0536065,25.966761145,26.27260783,5480,4719970
2014-10-23,25.7515357,25.41925782,25.26067065,25.70622508,12512,9776225
2014-10-24,25.630707379999997,25.57784499,25.166273525,25.3739472,7169,7206782
2014-10-27,25.85726048,25.75908747,25.59294853,25.64581092,6671,4810865
2014-10-28,25.9780888,25.925226409999997,25.73643216,25.925226409999997,5090,4849986
2014-10-29,26.16688305,25.9780888,25.80439809,25.9780888,4737,4864068
2014-10-30,26.091365349999997,26.061158269999996,25.766639239999996,25.89501933,4142,3991915
2014-10-31,26.314142564999997,26.31036668,26.114020659999998,26.26505606,5403,7091234
2014-11-03,26.45385031,26.31036668,26.144227739999998,26.393436150000003,4768,5811774
2014-11-04,26.49160916,26.27260783,26.15933128,26.363229069999996,5518,3599352
2014-11-05,26.40098792,26.370780840000002,26.21219367,26.393436150000003,5336,3922475
2014-11-06,26.385884379999997,26.219745439999997,26.068710040000003,26.34057376,3751,3884033
2014-11-07,26.403253451,26.363229069999996,26.076261810000002,26.19709013,4177,5237398
2014-11-10,26.53691978,26.521816239999996,26.17443482,26.45385031,4326,3297715
2014-11-11,26.53691978,26.5067127,26.280159599999998,26.529368010000002,3466,2505873
2014-11-12,26.761207349,26.733265799999998,26.408539689999998,26.438746769999998,3995,3939593
2014-11-13,27.105568061,26.89185297,26.65019633,26.680403409999997,4895,4462534
2014-11-14,27.299648549999997,27.1108543,26.89185297,26.90695651,4659,4065373
2014-11-17,27.1108543,27.07309545,26.90695651,27.06554368,3063,2049035
2014-11-18,27.08064722,26.97492244,26.899404739999998,27.005129519999997,3671,5856945
2014-11-19,26.929611819999998,26.710610489999997,26.56712686,26.91450828,4133,3941175
2014-11-20,26.76347288,26.64264456,26.574678629999998,26.695506950000002,2864,3362316
2014-11-21,26.8087835,26.64264456,26.42364323,26.8087835,4720,10727701
2014-11-24,26.499160930000002,26.204641900000002,25.842912116999997,26.438746769999998,8856,7258398
2014-11-25,26.31791845,26.29526314,25.902571099999996,26.15177951,5979,5694225
2014-11-26,26.578454515,26.529368010000002,26.32547022,26.37833261,3246,3254029
2014-11-28,26.86164589,26.71816226,26.604885709999998,26.665299870000002,2854,3179352
2014-12-01,26.710610489999997,26.47650562,26.363229069999996,26.665299870000002,4859,4088795
2014-12-02,26.431195,25.89501933,25.80439809,26.40098792,7744,9258397
2014-12-03,25.86481225,25.676018,25.615603840000002,25.819501629999998,5973,7248678
2014-12-04,25.7515357,25.608052069999996,25.48722375,25.71377685,5322,5361791
2014-12-05,25.638259150000003,25.630707379999997,25.464568439999997,25.57784499,3631,3808311
2014-12-08,25.743983930000002,25.585396760000002,25.56274145,25.66846623,4241,5621421
2014-12-09,25.170049409999997,24.83777153,24.4677348,25.16249764,12826,10780435
2014-12-10,24.80756445,24.535700730000002,24.479062454999998,24.800012680000002,8181,7110598
2014-12-11,24.95104808,24.701839670000002,24.59611489,24.63387374,8410,5618075
2014-12-12,24.60366666,24.286492319999997,24.286492319999997,24.5432525,7124,8119617
2014-12-15,24.49039011,24.35445825,24.21852639,24.369561790000002,7045,8444085
2014-12-16,24.77735737,24.27138878,24.256285239999997,24.33935471,8081,5514766
2014-12-17,24.766029715000002,24.67163259,24.286492319999997,24.33935471,6902,7148743
2014-12-18,25.305981269999997,25.305981269999997,24.81511622,24.920841,9374,8380374
2014-12-19,25.494775519999997,25.328636579999998,25.19270472,25.27577419,7273,16933081
2014-12-22,25.660914459999997,25.56274145,25.35129189,25.441913129999996,6097,5529375
2014-12-23,25.796846319999997,25.69867331,25.608052069999996,25.676018,5420,4826355
2014-12-24,25.81194986,25.64581092,25.623155609999998,25.69867331,2776,2661212
2014-12-26,25.849708709999998,25.80439809,25.660914459999997,25.7515357,2646,3379407
2014-12-29,25.87236402,25.75908747,25.69867331,25.70622508,3929,3101825
2014-12-30,25.8270534,25.73643216,25.70622508,25.774191010000003,4004,2508275
2014-12-31,25.73643216,25.36639543,25.328636579999998,25.64581092,6977,6387185
2015-01-02,25.653362689999998,25.57784499,25.441913129999996,25.50987906,5329,4780966
2015-01-05,25.615603840000002,25.336188349999997,25.315798571000002,25.55518968,8048,6737381
2015-01-06,25.524982599999998,25.3739472,25.19270472,25.50232729,8138,5937647
2015-01-07,25.362619545,25.04922109,24.716943209999997,25.328636579999998,9613,6473498
2015-01-08,25.358843659999998,25.2984295,25.034117549999998,25.10208348,6018,7057534
2015-01-09,25.441913129999996,25.2229118,25.21536003,25.40415428,5239,5468919
2015-01-12,25.494775519999997,25.290877730000002,25.283325959999996,25.41170605,6132,4810969
2015-01-13,25.615603840000002,25.290877730000002,25.120962905,25.479671980000003,8054,5430810
2015-01-14,25.25311888,25.170049409999997,24.954823965,25.13229056,7645,5683544
2015-01-15,25.42680959,25.11718702,25.05677286,25.2984295,7340,4653108
2015-01-16,25.57029322,25.524982599999998,25.04922109,25.04922109,7576,9596660
2015-01-20,25.638259150000003,25.638259150000003,25.336188349999997,25.585396760000002,5309,5975012
2015-01-21,25.845932825000002,25.676018,25.41925782,25.51743083,6622,6886106
2015-01-22,25.623155609999998,25.51743083,25.13984233,25.56274145,7751,5518596
2015-01-23,25.51743083,25.200256489999997,25.177601180000003,25.472120209999996,4682,5671999
2015-01-26,25.177601180000003,25.05677286,24.95859985,25.147394099999996,7013,6872326
2015-01-27,25.011462239999997,24.77735737,24.77735737,24.988806930000003,8183,6692144
2015-01-28,25.40415428,24.67918436,24.65652905,25.313533040000003,11573,8591193
2015-01-29,24.996358700000002,24.89063392,24.475286569999998,24.65652905,10689,6801037
2015-01-30,25.23801534,24.860426840000002,24.709391439999997,24.73204675,11513,15708660
2015-02-02,25.38149897,25.34374012,24.769805599999998,25.18515295,9661,9494857
2015-02-03,25.932778180000003,25.932778180000003,25.449464900000002,25.449464900000002,8447,9821457
2015-02-04,26.242400749999998,25.985640569999997,25.849708709999998,25.91767464,7424,6822075
2015-02-05,26.1291242,26.083813579999998,25.925226409999997,26.091365349999997,5477,3856174
2015-02-06,26.46895385,26.33302199,25.99319234,26.0536065,7852,5808734
2015-02-09,26.3556773,26.15933128,26.12157243,26.27260783,5720,4471398
2015-02-10,26.48405739,26.31791845,26.274873360999997,26.34057376,5133,4248030
2015-02-11,26.30281491,25.97053703,25.86481225,26.257504290000004,6126,5827468
2015-02-12,26.144227739999998,26.13667597,25.85726048,25.9780888,4614,3828370
2015-02-13,26.219745439999997,26.17443482,25.955433489999997,26.083813579999998,3638,3186223
2015-02-17,26.227297209999996,26.21219367,26.01584765,26.12157243,3757,4851058
2015-02-18,26.227297209999996,26.04605473,25.94032995,26.227297209999996,5036,4087806
2015-02-19,26.02339942,25.743983930000002,25.702449194999996,26.01584765,5437,3872780
2015-02-20,25.73643216,25.73643216,25.54763791,25.72888039,5416,6763531
2015-02-23,25.71377685,25.56274145,25.483447865,25.676018,4369,5189135
2015-02-24,25.766639239999996,25.71377685,25.3739472,25.472120209999996,5378,4962605
2015-02-25,25.838381055000003,25.83460517,25.660914459999997,25.789294549999997,3529,4768788
2015-02-26,26.117796545,26.0536065,25.72132862,25.789294549999997,5337,4783711
2015-02-27,26.114020659999998,26.098917120000003,25.96298526,25.99319234,3803,5610307
2015-03-02,26.16688305,26.15933128,25.83460517,25.96298526,3662,4089838
2015-03-03,26.16688305,25.985640569999997,25.947881719999998,26.03095119,3606,5490905
2015-03-04,26.00074411,25.676018,25.654873044000002,25.985640569999997,4759,4651499
2015-03-05,25.8270534,25.676018,25.676018,25.78174278,4374,3118725
2015-03-06,25.50232729,25.283325959999996,25.20780826,25.336188349999997,6616,7344300
2015-03-09,25.358843659999998,25.18515295,25.154945870000002,25.23801534,3617,3960722
2015-03-10,25.10963525,24.75470206,24.73204675,25.10963525,6326,6510646
2015-03-11,24.83777153,24.63387374,24.562131925,24.81511622,5722,5940461
2015-03-12,25.07942817,25.019014010000003,24.701839670000002,24.81511622,5421,5393752
2015-03-13,24.92839277,24.739598519999998,24.6187702,24.92839277,4953,7217741
2015-03-16,24.996358700000002,24.96615162,24.67918436,24.79246091,4355,4886470
2015-03-17,25.011462239999997,24.845323299999997,24.75470206,24.80756445,5501,4636915
2015-03-18,25.36639543,25.36639543,24.690512015,24.867978609999998,7465,16597291
2015-03-19,25.2984295,25.0718764,25.05677286,25.283325959999996,4068,5046660
2015-03-20,25.3739472,25.09453171,25.07942817,25.10208348,5567,17250182
2015-03-23,25.43436136,25.13229056,25.13229056,25.20780826,5849,6163392
2015-03-24,25.23801534,24.97370339,24.97370339,25.07942817,3357,4806710
2015-03-25,25.003910469999997,24.63387374,24.63387374,24.95104808,5031,6016976
2015-03-26,25.011462239999997,24.78490914,24.62632197,24.64897728,4894,6704432
2015-03-27,24.883082150000003,24.73204675,24.694287900000003,24.845323299999997,4051,4916091
2015-03-30,24.95104808,24.89818569,24.769805599999998,24.77735737,3676,4586910
2015-03-31,24.94349631,24.65652905,24.65652905,24.852875069999996,5227,7107276
2015-04-01,24.852875069999996,24.83777153,24.573459579999998,24.6187702,4837,5984073
2015-04-02,25.09453171,25.019014010000003,24.78490914,24.845323299999997,3708,4744891
2015-04-06,25.230463569999998,25.170049409999997,24.96615162,25.02656578,4121,5925158
2015-04-07,25.26067065,25.041669319999997,25.041669319999997,25.18515295,3049,4448442
2015-04-08,24.80756445,24.65652905,24.59611489,24.694287900000003,4507,5243804
2015-04-09,24.76225383,24.686736129999996,24.49794188,24.60366666,4265,4048484
2015-04-10,24.79246091,24.74715029,24.660304935,24.74715029,2313,3160585
2015-04-13,24.96615162,24.830219760000002,24.701839670000002,24.739598519999998,3795,5518439
2015-04-14,24.83777153,24.686736129999996,24.63387374,24.82266799,4030,4085248
2015-04-15,24.89063392,24.83777153,24.64897728,24.72449498,4640,5825586
2015-04-16,24.845323299999997,24.73204675,24.694287900000003,24.739598519999998,3340,4593555
2015-04-17,24.686736129999996,24.550804269999997,24.445079489999998,24.63387374,6689,7316788
2015-04-20,24.818892105,24.79246091,24.664080819999995,24.67918436,4211,6102157
2015-04-21,24.800012680000002,24.664080819999995,24.60366666,24.79246091,5750,4293761
2015-04-22,24.83777153,24.81511622,24.58856312,24.75470206,5594,6633750
2015-04-23,25.9780888,25.849708709999998,25.170049409999997,25.230463569999998,14627,17232555
2015-04-24,25.910122870000002,25.68356977,25.64581092,25.849708709999998,6567,7014839
2015-04-27,25.902571099999996,25.743983930000002,25.71377685,25.743983930000002,4636,5566210
2015-04-28,26.416091459999997,26.32547022,25.81194986,25.89501933,8832,11250014
2015-04-29,26.601109825,26.249952519999997,26.083813579999998,26.114020659999998,10232,8619944
2015-04-30,26.34812553,26.15933128,26.091365349999997,26.18198659,7960,8761383
2015-05-01,26.21219367,25.99319234,25.774191010000003,26.204641900000002,6480,8423701
2015-05-04,26.21219367,26.076261810000002,25.86481225,25.97053703,4486,4993743
2015-05-05,26.114020659999998,25.464568439999997,25.41925782,26.03850296,6154,6401545
2015-05-06,25.494775519999997,25.20780826,24.98125516,25.48722375,5700,6912208
2015-05-07,25.34374012,25.200256489999997,25.003910469999997,25.124738790000002,5976,5450438
2015-05-08,25.543862025000003,25.441913129999996,25.370171315,25.479671980000003,6389,7690012
2015-05-11,25.449464900000002,25.290877730000002,25.20780826,25.41170605,3999,4040574
2015-05-12,25.623155609999998,25.41925782,24.947272194999996,25.10963525,9164,6728741
2015-05-13,25.78174278,25.6005003,25.35129189,25.38149897,7197,7524754
2015-05-14,25.8270534,25.774191010000003,25.676018,25.73643216,5603,5325085
2015-05-15,25.96298526,25.925226409999997,25.68356977,25.75908747,5437,7249734
2015-05-18,26.442522655,26.33302199,25.87236402,25.910122870000002,7796,10030850
2015-05-19,26.31036668,25.955433489999997,25.80439809,26.29526314,6166,6681602
2015-05-20,26.21219367,26.144227739999998,25.902571099999996,26.01584765,5820,5654817
2015-05-21,26.593558055000003,26.48405739,26.068710040000003,26.076261810000002,6192,8044981
2015-05-22,26.45385031,26.21219367,26.144227739999998,26.3556773,4862,6027033
2015-05-26,26.242400749999998,26.18198659,25.87236402,26.083813579999998,6195,11320376
2015-05-27,26.499160930000002,26.393436150000003,26.1291242,26.242400749999998,5336,7723145
2015-05-28,26.40098792,26.280159599999998,26.15933128,26.34057376,4299,3415566
2015-05-29,26.29526314,26.083813579999998,26.083813579999998,26.26505606,5783,7934033
2015-06-01,26.1291242,25.94032995,25.85726048,26.098917120000003,6926,6905793
2015-06-02,26.068710040000003,25.947881719999998,25.89501933,25.947881719999998,6226,4900941
2015-06-03,26.555799205,26.45385031,25.947881719999998,25.99319234,8432,7615614
2015-06-04,26.78612819,26.63509279,26.26505606,26.393436150000003,12439,11017861
2015-06-05,26.544471549999997,26.10646889,26.0536065,26.53691978,8092,6827054
2015-06-08,26.218235086000004,26.12157243,26.049830614999998,26.076261810000002,5524,5578926
2015-06-09,26.268831945,26.061158269999996,26.0536065,26.13667597,5424,5243081
2015-06-10,26.247686988999998,26.219745439999997,26.12157243,26.13667597,5123,5928601
2015-06-11,26.412315575,26.34057376,26.26505606,26.28771137,5149,11385483
2015-06-12,26.40098792,26.16688305,26.16688305,26.227297209999996,6573,5352249
2015-06-15,26.10646889,25.985640569999997,25.9780888,26.091365349999997,5668,5892431
2015-06-16,26.238624865,26.18198659,25.89501933,25.89501933,5871,8184302
2015-06-17,26.314142564999997,26.280159599999998,26.083813579999998,26.227297209999996,7455,6197673
2015-06-18,26.5067127,26.44629854,26.280159599999998,26.29526314,8647,9501549
2015-06-19,26.47650562,26.42364323,26.3556773,26.363229069999996,4814,14536577
2015-06-22,26.540695665,26.46140208,26.431195,26.49160916,5338,5107805
2015-06-23,27.36761448,27.118406069999995,26.83143881,26.838990579999997,12741,13980425
2015-06-24,27.148613150000003,27.02023306,26.94471536,27.13350961,7128,9655610
2015-06-25,27.52620165,27.322303859999998,27.220354965000002,27.299648549999997,11457,9218310
2015-06-26,27.488442799999998,27.276993239999996,27.122181955,27.48089103,7547,8297353
2015-06-29,27.360062709999998,27.012681290000003,26.997577749999998,27.07309545,7308,6211897
2015-06-30,27.299648549999997,26.823887040000002,26.77857642,27.224130849999998,8865,8985870
2015-07-01,26.903180625,26.86164589,26.63509279,26.823887040000002,10402,7603179
2015-07-02,27.13350961,26.982474209999996,26.91450828,27.07309545,7563,5676747
2015-07-06,26.929611819999998,26.89185297,26.78612819,26.86164589,7527,6499119
2015-07-07,27.07309545,27.012681290000003,26.714386375,26.997577749999998,7081,5912637
2015-07-08,26.62754102,26.27260783,26.242400749999998,26.62754102,4064,3728446
2015-07-09,26.45385031,25.97053703,25.925226409999997,26.431195,9013,7780794
2015-07-10,26.31791845,26.16688305,26.091365349999997,26.15933128,8066,8504410
2015-07-13,26.408539689999998,26.34057376,26.18198659,26.242400749999998,6094,7871999
2015-07-14,26.529368010000002,26.521816239999996,26.17443482,26.204641900000002,7120,5820256
2015-07-15,26.529368010000002,26.227297209999996,26.18953836,26.521816239999996,6429,7757307
2015-07-16,26.574678629999998,26.552023319999996,26.34057376,26.34812553,6601,5326814
2015-07-17,26.604885709999998,26.438746769999998,26.3556773,26.46895385,6642,5501748
2015-07-20,26.46895385,26.3556773,26.215969555,26.46895385,5120,6985102
2015-07-21,26.17443482,26.10646889,25.97053703,26.16688305,6394,5305231
2015-07-22,25.925226409999997,25.879915790000002,25.69112154,25.925226409999997,11160,8894644
2015-07-23,25.932778180000003,25.623155609999998,25.57029322,25.932778180000003,7804,7123750
2015-07-24,26.49160916,25.89501933,25.89501933,26.204641900000002,16324,17140391
2015-07-27,26.17443482,25.91767464,25.69112154,25.85726048,10121,17587628
2015-07-28,26.114020659999998,25.925226409999997,25.845932825000002,26.114020659999998,6300,18873969
2015-07-29,26.363229069999996,26.19709013,25.959209375,26.0536065,9385,10234611
2015-07-30,26.34812553,26.280159599999998,26.18953836,26.34057376,5789,6191017
2015-07-31,26.42364323,26.234848980000002,26.223521325,26.370780840000002,6293,8478141
2015-08-03,26.44629854,26.17443482,26.0536065,26.416091459999997,6241,6868604
2015-08-04,26.280159599999998,26.114020659999998,26.0536065,26.280159599999998,6174,7360280
2015-08-05,26.30281491,26.10646889,26.061158269999996,26.27260783,5557,5499907
2015-08-06,26.12157243,25.85726048,25.638259150000003,26.098917120000003,7759,9616288
2015-08-07,25.87236402,25.83460517,25.70622508,25.75908747,8365,6653939
2015-08-10,26.26505606,26.26505606,25.8270534,25.910122870000002,6936,10949923
2015-08-11,26.393436150000003,26.16688305,26.1291242,26.1291242,9194,13032825
2015-08-12,25.72888039,25.69112154,25.26067065,25.585396760000002,13126,12485230
2015-08-13,25.80439809,25.53253437,25.51743083,25.68356977,5826,15238278
2015-08-14,25.71377685,25.71377685,25.51743083,25.623155609999998,5559,5260892
2015-08-17,25.849708709999998,25.849708709999998,25.6005003,25.64581092,3724,6469081
2015-08-18,26.00074411,25.94032995,25.770415125,25.83460517,5130,4762158
2015-08-19,26.0536065,25.947881719999998,25.72888039,25.902571099999996,5955,5675569
2015-08-20,26.01584765,25.638259150000003,25.638259150000003,25.75908747,5828,10974881
2015-08-21,25.638259150000003,25.20780826,25.20780826,25.50232729,8773,12663430
2015-08-24,25.11718702,24.445079489999998,23.38783169,24.165664,30424,18675832
2015-08-25,24.920841,24.0146286,23.99197329,24.89063392,14408,12488992
2015-08-26,24.80756445,24.686736129999996,24.17321577,24.5432525,16018,13558270
2015-08-27,25.290877730000002,25.25311888,24.788685025000003,24.96615162,10741,10246417
2015-08-28,25.26067065,25.13984233,25.003910469999997,25.19270472,9248,8508532
2015-08-31,25.13229056,25.0718764,24.932168655,25.04922109,5757,8317745
2015-09-01,24.76225383,24.40732064,24.29404409,24.573459579999998,12403,8844206
2015-09-02,24.875530379999997,24.78490914,24.547028385,24.875530379999997,7543,6697499
2015-09-03,25.10208348,24.95104808,24.864202725,24.920841,6398,7153587
2015-09-04,24.74715029,24.58856312,24.43752772,24.62632197,7135,7961019
2015-09-08,25.05677286,25.02656578,24.78490914,24.860426840000002,5660,5800954
2015-09-09,25.2984295,24.75470206,24.709391439999997,25.24556711,6556,6565504
2015-09-10,24.800012680000002,24.73204675,24.581011349999997,24.73204675,7266,9364703
2015-09-11,24.75470206,24.709391439999997,24.592339005,24.701839670000002,5012,5462292
2015-09-14,24.74715029,24.581011349999997,24.558356040000003,24.74715029,4951,5462457
2015-09-15,24.867978609999998,24.81511622,24.577235465,24.65652905,5216,5685719
2015-09-16,24.996358700000002,24.875530379999997,24.739598519999998,24.79246091,6219,8236247
2015-09-17,25.02656578,24.75470206,24.48283834,24.72449498,10939,9568132
2015-09-18,24.76225383,24.581011349999997,24.475286569999998,24.701839670000002,8437,19226535
2015-09-21,24.67918436,24.58856312,24.509269534999998,24.58856312,5722,5674736
2015-09-22,24.505493650000002,24.369561790000002,24.267612895,24.422424180000004,6855,6675526
2015-09-23,24.422424180000004,24.3166994,24.20342285,24.369561790000002,4894,4285301
2015-09-24,24.33935471,24.248733469999998,24.13545692,24.19587108,6255,6278750
2015-09-25,24.690512015,24.414872409999997,24.29404409,24.35445825,6377,8696665
2015-09-28,24.422424180000004,24.090146299999997,24.078818645000002,24.35445825,7442,10748089
2015-09-29,24.30159586,24.21852639,24.056163335,24.165664,9604,8501977
2015-09-30,24.701839670000002,24.60366666,24.34690648,24.40732064,7962,9434126
2015-10-01,24.64897728,24.56590781,24.30159586,24.5432525,7018,6789494
2015-10-02,24.64897728,24.64897728,24.30914763,24.414872409999997,7567,7483882
2015-10-05,25.290877730000002,25.24556711,24.89818569,24.905737459999997,7175,7738101
2015-10-06,25.302205385,25.154945870000002,25.10963525,25.2984295,6004,9113807
2015-10-07,25.170049409999997,25.011462239999997,24.92839277,24.96615162,6471,6209468
2015-10-08,25.230463569999998,25.2229118,24.830219760000002,24.996358700000002,5545,4247556
2015-10-09,25.313533040000003,25.02656578,24.924616885000002,25.25311888,4397,6326192
2015-10-12,25.154945870000002,25.147394099999996,24.98125516,25.0718764,3673,4838527
2015-10-13,25.13229056,25.08697994,24.96615162,25.09453171,3881,9667888
2015-10-14,25.21536003,25.124738790000002,25.003910469999997,25.07942817,4723,4938688
2015-10-15,25.2984295,25.290877730000002,25.0718764,25.18515295,4583,5480820
2015-10-16,25.56274145,25.54763791,25.328636579999998,25.48722375,7530,8348972
2015-10-19,25.441913129999996,25.39660251,25.23801534,25.38905074,5689,9319968
2015-10-20,25.558965564999998,25.48722375,25.313533040000003,25.38905074,7036,6389929
2015-10-21,25.623155609999998,25.3739472,25.170049409999997,25.6005003,8581,6655294
2015-10-22,25.796846319999997,25.64581092,25.305981269999997,25.305981269999997,9904,9662241
2015-10-23,26.15933128,25.479671980000003,25.38905074,26.13667597,12942,10581901
2015-10-26,25.48722375,25.41925782,25.283325959999996,25.479671980000003,5686,5761684
2015-10-27,25.38149897,25.07942817,25.041669319999997,25.336188349999997,5348,5807482
2015-10-28,25.3739472,25.23801534,25.015238125,25.200256489999997,5768,6687108
2015-10-29,25.41925782,25.336188349999997,25.13229056,25.27577419,5228,4937450
2015-10-30,25.483447865,25.305981269999997,25.305981269999997,25.39660251,6073,8358228
2015-11-02,25.50987906,25.38149897,25.219135915000003,25.494775519999997,5317,6517010
2015-11-03,25.483447865,25.39660251,25.27577419,25.321084810000002,4545,4216177
2015-11-04,25.479671980000003,25.283325959999996,25.25311888,25.479671980000003,4722,4074126
2015-11-05,25.336188349999997,25.177601180000003,25.128514674999998,25.26822242,4541,4493788
2015-11-06,25.124738790000002,25.041669319999997,24.81511622,25.10208348,5620,5462311
2015-11-09,24.89818569,24.800012680000002,24.734312281,24.89063392,5596,6263887
2015-11-10,24.830219760000002,24.76225383,24.675408474999998,24.81511622,5876,5304093
2015-11-11,24.920841,24.860426840000002,24.77735737,24.83777153,4803,4103279
2015-11-12,24.811340334999997,24.686736129999996,24.648222103000002,24.80756445,5245,4934141
2015-11-13,24.800012680000002,24.399768870000003,24.399768870000003,24.63387374,5377,8287920
2015-11-16,24.95859985,24.95104808,24.33180294,24.414872409999997,6611,5645100
2015-11-17,25.313533040000003,25.11718702,24.96615162,24.996358700000002,6611,5473949
2015-11-18,25.358843659999998,25.328636579999998,24.93594454,25.08697994,6573,5837385
2015-11-19,25.48722375,25.38905074,25.283325959999996,25.336188349999997,5238,4619553
2015-11-20,25.50987906,25.41925782,25.339964235,25.494775519999997,4324,7413239
2015-11-23,25.41925782,25.26822242,25.24556711,25.41925782,4717,4403518
2015-11-24,25.36639543,25.21536003,25.0718764,25.147394099999996,5514,4327885
2015-11-25,25.2984295,25.26067065,25.10208348,25.18515295,4472,3848707
2015-11-27,25.50987906,25.35129189,25.290877730000002,25.2984295,2472,2996918
2015-11-30,25.48722375,25.42680959,25.23801534,25.34374012,4786,9978055
2015-12-01,25.653362689999998,25.50232729,25.362619545,25.51743083,5254,4841570
2015-12-02,25.630707379999997,25.34374012,25.332412465,25.48722375,5334,6564361
2015-12-03,25.41925782,24.996358700000002,24.932168655,25.3739472,7443,7842620
2015-12-04,25.80439809,25.75908747,25.04922109,25.05677286,7180,10040876
2015-12-07,25.966761145,25.879915790000002,25.59294853,25.653362689999998,7811,8770037
2015-12-08,25.7515357,25.56274145,25.39660251,25.623155609999998,7184,8519878
2015-12-09,25.845932825000002,25.35129189,25.283325959999996,25.45701667,7250,5842142
2015-12-10,25.694897424999997,25.42680959,25.336188349999997,25.38905074,6144,9918569
2015-12-11,25.36639543,25.04922109,24.992582815,25.24556711,8043,7106097
2015-12-14,25.40415428,25.3739472,25.003910469999997,25.041669319999997,9045,8333437
2015-12-15,25.619379724999998,25.53253437,25.230463569999998,25.464568439999997,6184,6674240
2015-12-16,26.03850296,25.9780888,25.623155609999998,25.676018,8559,8007870
2015-12-17,26.1291242,25.69867331,25.69867331,25.985640569999997,9170,7360414
2015-12-18,25.66846623,25.3739472,25.3739472,25.524982599999998,8656,26461859
2015-12-21,25.755311584999998,25.743983930000002,25.494775519999997,25.615603840000002,6565,6866100
2015-12-22,26.03095119,25.985640569999997,25.68356977,25.88746756,5835,5257983
2015-12-23,26.363229069999996,26.26505606,26.01584765,26.03095119,5722,4981590
2015-12-24,26.257504290000004,26.17443482,26.091365349999997,26.242400749999998,2828,2403526
2015-12-28,26.34057376,26.249952519999997,26.1291242,26.144227739999998,4994,3924383
2015-12-29,26.42364323,26.37833261,26.276383715,26.393436150000003,4336,4134394
2015-12-30,26.393436150000003,26.234848980000002,26.18953836,26.37833261,3808,3798426
2015-12-31,26.17443482,25.985640569999997,25.97053703,26.098917120000003,5868,7526070
2016-01-04,25.94032995,25.94032995,25.68356977,25.72888039,8098,8263117
2016-01-05,26.193314245,26.12157243,25.766639239999996,25.955433489999997,6375,7815415
2016-01-06,25.83460517,25.72132862,25.472120209999996,25.53253437,6982,7190958
2016-01-07,25.743983930000002,25.305981269999997,25.305981269999997,25.40415428,8282,11444817
2016-01-08,25.638259150000003,25.328636579999998,25.234239454999997,25.464568439999997,7886,7937035
2016-01-11,25.7515357,25.638259150000003,25.328636579999998,25.48722375,8360,6860641
2016-01-12,25.819501629999998,25.6005003,25.42680959,25.743983930000002,7724,6840009
2016-01-13,25.898795215,25.479671980000003,25.475896095,25.68356977,9773,12908714
2016-01-14,26.091365349999997,25.902571099999996,25.48722375,25.48722375,11842,10231007
2016-01-15,25.932778180000003,25.66846623,25.38149897,25.40415428,14834,15584203
2016-01-19,26.125348315,26.061158269999996,25.75908747,25.83460517,10413,9265737
2016-01-20,25.94032995,25.6005003,25.24556711,25.80439809,14265,12584234
2016-01-21,26.336797875,26.083813579999998,25.51743083,25.676018,13702,10101448
2016-01-22,26.56712686,26.53691978,26.204641900000002,26.31036668,8280,7672127
2016-01-25,26.752145224999996,26.431195,26.257504290000004,26.5822304,8461,6638547
2016-01-26,26.854094120000003,26.733265799999998,26.37833261,26.40098792,10489,8838316
2016-01-27,27.035336599999997,26.79367996,26.3556773,26.521816239999996,16964,12401489
2016-01-28,27.02023306,26.83143881,26.58978217,27.02023306,9802,7208611
2016-01-29,27.23168262,27.23168262,26.94471536,26.96737067,9989,16401520
2016-02-01,27.484666915000002,27.322303859999998,27.10330253,27.2618897,9564,7889841
2016-02-02,27.329855629999997,27.23168262,27.031560715,27.322303859999998,11865,8597848
2016-02-03,27.790513599999997,27.73009944,27.118406069999995,27.299648549999997,14693,10331424
2016-02-04,27.80561714,27.58661581,27.39026979,27.745202980000002,12249,7149352
2016-02-05,27.96420431,27.85092776,27.58661581,27.6394782,11420,7796591
2016-02-08,28.03217024,28.02461847,27.48089103,27.70744413,14958,11729510
2016-02-09,27.85092776,27.67723705,27.310976205,27.75275475,13500,7895259
2016-02-10,27.737651209999996,27.51109811,27.38271802,27.69989236,9643,6823649
2016-02-11,27.450683950000002,27.34495917,27.118406069999995,27.299648549999997,14178,9647934
2016-02-12,27.567736385,27.54130519,27.224130849999998,27.443132180000003,8715,7485552
2016-02-16,27.745202980000002,27.67723705,27.3374074,27.7149959,9933,9176268
2016-02-17,27.782961829999998,27.66968528,27.59416758,27.767858290000003,8368,6255713
2016-02-18,27.941549,27.933997230000003,27.57151227,27.6394782,6911,5418112
2016-02-19,27.91134192,27.616822889999998,27.579064040000002,27.903790150000003,8934,8931375
2016-02-22,27.83582422,27.83582422,27.601719349999996,27.760306519999997,6802,5638918
2016-02-23,27.87358307,27.745202980000002,27.57151227,27.82072068,7545,6441904
2016-02-24,28.020842584999997,28.0170667,27.66213351,27.73009944,7666,5729775
2016-02-25,28.3191375,28.220964489999997,27.979307849999998,28.0170667,8017,5544575
2016-02-26,28.29648219,28.039722010000002,27.99441139,28.29648219,6845,5750114
2016-02-29,28.23606803,27.903790150000003,27.903790150000003,28.03217024,7386,8289783
2016-03-01,28.23606803,28.23606803,27.98685962,28.077480859999998,6615,4969007
2016-03-02,28.46262113,28.46262113,28.02461847,28.107687939999998,6648,6115035
2016-03-03,28.776019584999997,28.689174230000003,28.31158573,28.4701729,8912,6868708
2016-03-04,28.798674894999998,28.64386361,28.545690599999997,28.64386361,6238,5314424
2016-03-07,28.840209629999997,28.79489901,28.402206969999998,28.523035290000003,5865,5190382
2016-03-08,29.01390034,28.76469193,28.58344945,28.6212083,6110,5999695
2016-03-09,28.93838264,28.681622459999996,28.568345909999998,28.78734724,7907,5532411
2016-03-10,29.006348569999997,28.93083087,28.704277769999997,28.734484849999998,9541,6040867
2016-03-11,29.10452158,28.96858972,28.825106090000002,29.04410742,6412,5707192
2016-03-14,29.059210959999998,28.93838264,28.798674894999998,29.006348569999997,5729,5608364
2016-03-15,29.08941804,29.08941804,28.7722437,28.77979547,4777,4329274
2016-03-16,29.353729989999998,29.278212290000003,28.96858972,29.0743145,7636,5835732
2016-03-17,29.595386629999997,29.54252424,29.24045344,29.26310875,7764,7298043
2016-03-18,29.625593709999997,29.119625120000002,29.119625120000002,29.625593709999997,7906,17288927
2016-03-21,29.49721362,29.39148884,29.119625120000002,29.12717689,6742,5590620
2016-03-22,29.414144150000002,29.17248751,29.17248751,29.39148884,6291,5915902
2016-03-23,29.191366935,29.10452158,28.976141489999996,29.149832200000002,6195,4873384
2016-03-24,29.36883353,29.36128176,29.01390034,29.029003879999998,5689,5639075
2016-03-28,29.66335256,29.50476539,29.312195255,29.444351230000002,6020,5077287
2016-03-29,29.905009200000002,29.79173265,29.414144150000002,29.55762778,8944,7647592
2016-03-30,29.96542336,29.731318489999996,29.51231716,29.96542336,9492,6250863
2016-03-31,29.874802120000002,29.58028309,29.459454769999997,29.76907734,8501,7633278
2016-04-01,29.54252424,29.489661849999997,29.18003928,29.187591049999998,7875,8148078
2016-04-04,29.72376672,29.72376672,29.508541275000002,29.58028309,6228,5285587
2016-04-05,29.719990834999997,29.595386629999997,29.459454769999997,29.68600787,7716,7946782
2016-04-06,29.39904061,29.18003928,29.06676273,29.293315829999997,6937,6932289
2016-04-07,29.157383969999998,29.142280430000003,28.862864939999998,28.93838264,8588,5958829
2016-04-08,29.36883353,29.0743145,28.976141489999996,29.2253499,6439,5146254
2016-04-11,29.21024636,28.991245029999998,28.953486180000002,29.195142819999997,5645,5652377
2016-04-12,29.289539944999998,29.20269459,28.987469145,29.05165919,6432,5211559
2016-04-13,29.323522909999998,28.88552025,28.840209629999997,29.323522909999998,7664,6002266
2016-04-14,29.134728659999997,29.01390034,28.87796848,28.88552025,5529,3355108
2016-04-15,29.149832200000002,29.059210959999998,28.998796799999997,29.04410742,5469,5977071
2016-04-18,29.300867599999997,29.187591049999998,28.964813834999998,29.142280430000003,6532,6000901
2016-04-19,29.39904061,29.39148884,29.100745694999997,29.300867599999997,5726,4473207
2016-04-20,29.444351230000002,29.24045344,29.195142819999997,29.444351230000002,5511,4082658
2016-04-21,29.134728659999997,28.59100122,28.58344945,29.119625120000002,8992,7989730
2016-04-22,28.821330205,28.74958839,28.6212083,28.6212083,7847,7074281
2016-04-25,28.870416709999997,28.85531317,28.59100122,28.72693308,5546,4343329
2016-04-26,28.998796799999997,28.76469193,28.6212083,28.9232791,6701,5171542
2016-04-27,29.383937069999998,29.24045344,28.530587060000002,28.63631184,11151,10057643
2016-04-28,29.36128176,29.18003928,29.112073349999996,29.24045344,7349,5356789
2016-04-29,29.357505875,29.31597114,29.059210959999998,29.09696981,7828,9033103
2016-05-02,29.56517955,29.5274207,29.289539944999998,29.3763853,7010,6100685
2016-05-03,29.51231716,29.383937069999998,29.214022245000002,29.51231716,7461,5731600
2016-05-04,29.451902999999998,29.36128176,29.134728659999997,29.2253499,5353,4851882
2016-05-05,29.436799459999996,29.25555698,29.20269459,29.40659238,4895,4291566
2016-05-06,29.444351230000002,29.444351230000002,29.059210959999998,29.300867599999997,5779,4348035
2016-05-09,29.53497247,29.34617822,29.323522909999998,29.451902999999998,4409,3621123
2016-05-10,29.738870260000002,29.68600787,29.47455831,29.49721362,6755,5007324
2016-05-11,29.708663180000002,29.58783486,29.47455831,29.6784561,4246,3831986
2016-05-12,29.954095705,29.86725035,29.602938400000003,29.66335256,5952,4911577
2016-05-13,29.84459504,29.56517955,29.53497247,29.80683619,6287,4725326
2016-05-16,29.67090433,29.66335256,29.383937069999998,29.444351230000002,4308,3876308
2016-05-17,29.69355964,29.53497247,29.451902999999998,29.63314548,6125,6263563
2016-05-18,29.56517955,29.03655565,28.90062379,29.49721362,6390,6312575
2016-05-19,29.047883305000003,29.029003879999998,28.523035290000003,28.88552025,8243,5810820
2016-05-20,29.183815165000002,29.03655565,28.934606754999997,29.149832200000002,5910,6206162
2016-05-23,29.06676273,28.93838264,28.893072019999998,29.059210959999998,5055,4940145
2016-05-24,29.112073349999996,29.0743145,28.998796799999997,29.0743145,5673,3605274
2016-05-25,29.24045344,29.164935739999997,29.03655565,29.20269459,5589,3899116
2016-05-26,29.444351230000002,29.33107468,29.18003928,29.187591049999998,4490,3219572
2016-05-27,29.444351230000002,29.444351230000002,29.156628793,29.33107468,5441,3976741
2016-05-31,29.599162515,29.56517955,29.40659238,29.467006540000003,6372,9853637
2016-06-01,29.54252424,29.24800521,29.161159855,29.5274207,6367,4712160
2016-06-02,29.33107468,29.33107468,29.134728659999997,29.24800521,5072,3982736
2016-06-03,29.65580079,29.61049017,29.414144150000002,29.42924769,6063,5069656
2016-06-06,29.810612075,29.708663180000002,29.606714285,29.648249019999998,5622,5125548
2016-06-07,30.12401053,30.048492829999997,29.70111141,29.761525569999996,6399,6036878
2016-06-08,30.108906989999998,30.10135522,29.93521628,29.950319819999997,4422,3962303
2016-06-09,30.33546009,30.27504593,29.946543935,30.07114814,6485,5871146
2016-06-10,30.603547924999997,30.45628841,30.11645876,30.169321150000002,8358,6978822
2016-06-13,30.55446142,30.350563629999996,30.30525301,30.30525301,5866,4886326
2016-06-14,30.56201319,30.494047260000002,30.16176938,30.2825977,6780,5836111
2016-06-15,30.63753089,30.42608133,30.41097779,30.539357879999997,7163,5340725
2016-06-16,30.626203235,30.57711673,30.316580665000004,30.365667170000002,7908,5597299
2016-06-17,30.85653222,30.75835921,30.463840180000002,30.62242735,5916,13049271
2016-06-20,31.000015849999997,30.79611806,30.60732381,30.962257,7123,5730319
2016-06-21,31.19636187,31.01511939,30.62997912,30.80366983,6104,5176626
2016-06-22,31.38515612,31.188810099999998,31.0377747,31.06043001,6059,4967800
2016-06-23,31.62681276,31.62681276,31.249224260000002,31.35494904,4687,4313711
2016-06-24,31.891124709999996,31.35494904,31.188810099999998,31.25677603,16772,17365948
2016-06-27,31.78539993,31.740089310000002,31.19636187,31.19636187,12966,10676824
2016-06-28,31.84581409,31.732537540000003,31.62681276,31.740089310000002,11291,9333185
2016-06-29,32.125229579999996,32.125229579999996,31.78539993,31.868469400000002,9020,8042445
2016-06-30,32.78978534,32.63119817,32.125229579999996,32.1705402,11523,10334114
2016-07-01,32.88795835,32.82754419,32.48016277,32.8501995,7981,6242843
2016-07-05,33.14471853,32.73692295,32.721819409999995,32.910613659999996,8170,8094208
2016-07-06,32.5481287,32.5481287,32.04971188,32.449955689999996,10325,6998758
2016-07-07,32.3970933,31.943987099999998,31.81560701,32.298920290000005,9032,6670647
2016-07-08,32.23850613,32.17809197,31.4908809,31.84581409,9776,7329559
2016-07-11,32.166764315,32.10257427,31.87602117,32.06481542,9313,5950476
2016-07-12,32.1705402,32.02705657,31.891124709999996,32.07236719,6566,4937825
2016-07-13,32.36688622,32.16298843,31.98174595,32.125229579999996,5301,4129991
2016-07-14,32.438628035,32.298920290000005,32.06481542,32.07991896,5843,4732467
2016-07-15,32.53302516,32.38954153,32.249833785,32.41974861,5020,6436911
2016-07-18,32.38954153,32.35933445,32.22340259,32.38198976,4486,4104934
2016-07-19,32.35933445,32.298920290000005,32.23095436,32.35933445,4734,3601836
2016-07-20,32.32912737,32.25360967,32.110126040000004,32.25360967,4867,3558017
2016-07-21,32.30647206,32.110126040000004,31.97419418,32.125229579999996,7284,4759675
2016-07-22,32.80488888,32.55568047,32.10257427,32.11767781,14318,7844453
2016-07-25,32.449955689999996,32.42730038,32.249833785,32.41219684,5967,4404216
2016-07-26,32.457507459999995,32.00440126,31.93643533,32.37443799,7059,5134505
2016-07-27,32.404645069999994,32.29136852,32.04971188,32.10257427,8487,6411217
2016-07-28,32.21585082,32.15543666,31.98174595,32.20829905,5191,3710816
2016-07-29,32.76713003,32.69161233,32.06481542,32.23095436,6795,8505678
2016-08-01,32.8501995,32.60854286,32.55568047,32.78978534,6262,5450492
2016-08-02,32.6991641,32.593439319999995,32.41219684,32.66895702,7107,4695930
2016-08-03,32.61609463,32.57833578,32.415972724999996,32.60854286,6791,4103054
2016-08-04,32.646301709999996,32.53302516,32.434852150000005,32.593439319999995,4825,2852796
2016-08-05,32.63119817,32.593439319999995,32.298920290000005,32.55568047,6334,5377267
2016-08-08,32.53302516,32.41974861,32.321575599999996,32.51792162,4736,3279036
2016-08-09,32.54057693,32.53302516,32.30647206,32.472611,5061,3655650
2016-08-10,32.695388215,32.6236464,32.54057693,32.585887549999995,4508,3309385
2016-08-11,32.83509596,32.76713003,32.67650879,32.76713003,4632,3135626
2016-08-12,32.81244065,32.68406056,32.61609463,32.80488888,4216,3167558
2016-08-15,32.706715870000004,32.48771454,32.48771454,32.593439319999995,4964,4996282
2016-08-16,32.46505923,31.68722692,31.649468069999998,32.457507459999995,8601,6584681
2016-08-17,31.77029639,31.611709219999998,31.222793064999998,31.740089310000002,10438,7943515
2016-08-18,31.589053909999997,31.264327799999997,31.04532647,31.55884683,10315,8505458
2016-08-19,31.128395939999997,30.969808769999997,30.728152129999998,31.12084417,9451,9572954
2016-08-22,30.947153459999996,30.894291069999998,30.62242735,30.8867393,6275,5159741
2016-08-23,30.98491231,30.84898045,30.79611806,30.93960169,4650,3425449
2016-08-24,30.954705230000002,30.864083989999997,30.667737969999997,30.93204992,5270,4136064
2016-08-25,31.09063709,31.01511939,30.77346275,30.864083989999997,5250,3723483
2016-08-26,31.18125833,30.72060036,30.660186200000002,31.0377747,7005,4699892
2016-08-29,31.000015849999997,30.962257,30.75080744,30.818773370000002,4874,3447362
2016-08-30,31.03022293,30.87918753,30.75835921,31.00756762,4813,3387560
2016-08-31,30.992464079999998,30.87163576,30.705496819999997,30.91694638,4935,6928862
2016-09-01,30.958481114999998,30.93204992,30.697945049999998,30.87163576,5556,4143588
2016-09-02,31.249224260000002,30.92449815,30.76591098,31.07553355,5057,4278939
2016-09-06,31.230344834999997,31.135947709999996,30.818773370000002,30.962257,5731,4387425
2016-09-07,31.21146541,31.16615479,30.954705230000002,31.12084417,5556,3667011
2016-09-08,31.249224260000002,31.105740629999996,31.000015849999997,31.15105125,5501,3234303
2016-09-09,31.00756762,29.98807867,29.96542336,30.954705230000002,12418,10090108
2016-09-12,30.841428680000003,30.74325567,29.874802120000002,29.905009200000002,11602,7669109
2016-09-13,30.539357879999997,30.18442469,30.037165175,30.539357879999997,10077,6487557
2016-09-14,30.403426019999998,30.12401053,30.033389290000002,30.207079999999998,7047,7441901
2016-09-15,30.675289739999997,30.54690965,29.920112739999997,30.04094106,8090,5779680
2016-09-16,30.509150799999997,30.358115400000003,30.1315623,30.44873664,8804,24226145
2016-09-19,30.38832248,30.25239062,30.10135522,30.33546009,5115,3708440
2016-09-20,30.47139195,30.17687292,30.11645876,30.47139195,5011,3113289
2016-09-21,30.679065625,30.63753089,30.191976459999996,30.207079999999998,7432,4880467
2016-09-22,31.09818886,31.04532647,30.74325567,30.75835921,6924,4326682
2016-09-23,31.25677603,31.17370656,30.875411644999996,31.03022293,7304,5114770
2016-09-26,31.268103685,31.06798178,31.04532647,31.17370656,5632,4713532
2016-09-27,31.487105015,31.30963842,31.00756762,31.15105125,7087,5442564
2016-09-28,31.01511939,30.84898045,30.64508266,30.947153459999996,8778,6724206
2016-09-29,31.01511939,30.75835921,30.539357879999997,30.728152129999998,8336,5022396
2016-09-30,30.98491231,30.667737969999997,30.660186200000002,30.91694638,6609,7160462
2016-10-03,30.992464079999998,30.788566290000002,30.588444385000003,30.652634430000003,5492,4394476
2016-10-04,30.78101452,30.1315623,29.991854555000003,30.7357039,7657,7728462
2016-10-05,29.912560969999998,29.572731319999995,29.323522909999998,29.897457430000003,7240,5746616
2016-10-06,29.599162515,29.53497247,29.39148884,29.572731319999995,5280,3780785
2016-10-07,29.66335256,29.353729989999998,29.236677555000004,29.61049017,6961,5753179
2016-10-10,29.595386629999997,29.459454769999997,28.85531317,29.39904061,6062,4641476
2016-10-11,29.731318489999996,29.5274207,29.149832200000002,29.451902999999998,7828,6130254
2016-10-12,29.818163845,29.70111141,29.49721362,29.55007601,5507,4388463
2016-10-13,29.814387959999998,29.731318489999996,29.467006540000003,29.58783486,6399,4388095
2016-10-14,29.88235389,29.618041939999998,29.618041939999998,29.761525569999996,5201,4606050
2016-10-17,29.814387959999998,29.65580079,29.489661849999997,29.56517955,4415,3678173
2016-10-18,29.79173265,29.72376672,29.568955435,29.64069725,4107,3589154
2016-10-19,29.878578004999998,29.738870260000002,29.68600787,29.79928442,3768,2983506
2016-10-20,29.50476539,29.187591049999998,29.0743145,29.50476539,8507,6934000
2016-10-21,29.20269459,28.31158573,27.91134192,28.998796799999997,24901,15414638
2016-10-24,28.19075741,27.83582422,27.4129251,27.57151227,24549,17268103
2016-10-25,27.98685962,27.7149959,27.601719349999996,27.933997230000003,10162,7970544
2016-10-26,27.764082405,27.51109811,27.39026979,27.66968528,12095,7571753
2016-10-27,27.85092776,27.579064040000002,27.53375342,27.6394782,18966,11501073
2016-10-28,27.79806537,27.57151227,27.518649879999998,27.69989236,8959,6357611
2016-10-31,27.80561714,27.782961829999998,27.58661581,27.69234059,7926,11494127
2016-11-01,28.077480859999998,27.609271120000002,27.488442799999998,27.933997230000003,7751,7174106
2016-11-02,27.7149959,27.465787489999997,27.4129251,27.684788819999998,12845,6153018
2016-11-03,27.933997230000003,27.66213351,27.477115145,27.609271120000002,8267,6268450
2016-11-04,27.80561714,27.5639605,27.5639605,27.767858290000003,6024,6273143
2016-11-07,27.84337599,27.79806537,27.66968528,27.782961829999998,6410,5910723
2016-11-08,28.00951493,27.933997230000003,27.813168909999998,27.82072068,6950,4431053
2016-11-09,28.338016924999998,28.273826879999998,27.51109811,27.737651209999996,14548,9304756
2016-11-10,28.26627511,27.616822889999998,27.488442799999998,28.251171569999997,13041,8937325
2016-11-11,27.616822889999998,27.57151227,27.4129251,27.5639605,8854,6187584
2016-11-14,27.66213351,27.284545010000002,27.2618897,27.66213351,7602,5829005
2016-11-15,27.767858290000003,27.767858290000003,27.29209678,27.42047687,8114,5185283
2016-11-16,28.115239709999997,28.054825549999997,27.82827245,27.85847953,7097,4948732
2016-11-17,28.46262113,28.251171569999997,28.14544679,28.1681021,6968,4579498
2016-11-18,28.3946552,28.364448120000002,28.171877985,28.29648219,4750,5227836
2016-11-21,28.50037998,28.50037998,28.292706305000003,28.44751759,5208,4010159
2016-11-22,29.25555698,29.112073349999996,28.56079414,28.62876007,7819,6197486
2016-11-23,29.425471805,29.24800521,29.006348569999997,29.029003879999998,8095,5593170
2016-11-25,29.61049017,29.61049017,29.24800521,29.24800521,4333,2911227
2016-11-28,29.95787159,29.85969858,29.58783486,29.61049017,7447,8278605
2016-11-29,29.927664510000003,29.814387959999998,29.65580079,29.897457430000003,4858,6258090
2016-11-30,29.595386629999997,29.17248751,29.164935739999997,29.595386629999997,7700,12696172
2016-12-01,29.3763853,29.36128176,28.817554319999996,29.17248751,10170,6310247
2016-12-02,29.538748355000003,29.157383969999998,29.059210959999998,29.353729989999998,6156,4586370
2016-12-05,29.436799459999996,29.17248751,29.17248751,29.21024636,7231,5562510
2016-12-06,29.761525569999996,29.71621495,29.2253499,29.300867599999997,8956,5526160
2016-12-07,30.57711673,30.54690965,29.784180879999997,29.79173265,10135,7649605
2016-12-08,30.769686864999997,30.516702569999996,30.350563629999996,30.403426019999998,8334,5615223
2016-12-09,30.520478455,30.494047260000002,30.33546009,30.433633099999998,7001,4804506
2016-12-12,31.230344834999997,31.05287824,30.60732381,30.63753089,9488,7343577
2016-12-13,31.38515612,31.23412072,31.128395939999997,31.143499480000003,6421,4849211
2016-12-14,31.37760435,31.0377747,30.91694638,31.249224260000002,7586,5616949
2016-12-15,31.47577736,31.3398455,30.864083989999997,30.8867393,9028,6893874
2016-12-16,31.52108798,31.46822559,31.279431340000002,31.453122049999998,7337,13269447
2016-12-19,31.85336586,31.808055239999998,31.30963842,31.46822559,6362,4920580
2016-12-20,32.29136852,32.07236719,31.83071055,31.85336586,7229,5084064
2016-12-21,32.14788489,31.98929772,31.970418295,32.04216011,5702,3882512
2016-12-22,32.30647206,32.261161439999995,31.83826232,31.868469400000002,5873,6079868
2016-12-23,32.31402383,32.268713209999994,32.076143075,32.31402383,4465,2634006
2016-12-27,32.351027503,32.20829905,32.110126040000004,32.268713209999994,4182,3807138
2016-12-28,32.32912737,32.110126040000004,32.076143075,32.21585082,3967,3171624
2016-12-29,32.321575599999996,32.21585082,32.11767781,32.1705402,5086,3464925
2016-12-30,32.33667914,32.11767781,32.05726365,32.33667914,5681,6729212
2017-01-03,32.491490424999995,32.48771454,32.110126040000004,32.28381675,10595,7016632
2017-01-04,32.472611,32.298920290000005,32.25360967,32.41974861,7928,7129656
2017-01-05,32.38954153,32.20829905,32.125229579999996,32.37443799,11564,6910128
2017-01-06,31.717434,31.20391364,31.12084417,31.717434,9549,6734744
2017-01-09,31.25677603,30.811221599999996,30.811221599999996,31.22656895,8180,5866993
2017-01-10,31.00756762,30.818773370000002,30.39587425,30.71304859,9427,5427015
2017-01-11,30.7357039,30.667737969999997,30.41852956,30.509150799999997,8243,6034869
2017-01-12,31.0377747,30.969808769999997,30.5846685,30.63753089,9150,5086109
2017-01-13,31.09818886,30.93204992,30.80366983,30.969808769999997,4624,4131402
2017-01-17,31.06798178,31.04532647,30.78101452,30.91694638,6903,5133132
2017-01-18,31.143499480000003,30.811221599999996,30.792342174999998,31.105740629999996,7194,4272155
2017-01-19,30.977360540000003,30.962257,30.74325567,30.90939461,6285,3922102
2017-01-20,31.619260989999997,31.302086650000003,31.22656895,31.22656895,8301,8368997
2017-01-23,31.77029639,31.717434,31.264327799999997,31.302086650000003,9251,5810959
2017-01-24,31.52108798,31.23412072,31.003791735,31.249224260000002,9690,8060106
2017-01-25,31.317190189999998,31.25677603,30.87918753,31.188810099999998,8367,5108164
2017-01-26,31.60415745,31.543743290000002,30.93204992,31.21146541,9818,6365261
2017-01-27,31.943987099999998,31.724985769999996,31.532415635000003,31.717434,6618,5014214
2017-01-30,31.808055239999998,31.58150214,31.460673819999997,31.67967515,6048,4136204
2017-01-31,31.86091763,31.83826232,31.40025966,31.453122049999998,6238,7484048
2017-02-01,32.06481542,31.76274462,31.615485105,31.93643533,10220,7087754
2017-02-02,31.755192849999997,31.09818886,30.92449815,31.755192849999997,8418,6466963
2017-02-03,31.33229373,31.15105125,31.113292400000002,31.30963842,5572,5964432
2017-02-06,31.158603019999997,31.00756762,30.954705230000002,31.143499480000003,4560,3092652
2017-02-07,31.09063709,31.05287824,30.826325139999998,31.000015849999997,4846,6154888
2017-02-08,31.19636187,31.12084417,31.01511939,31.03022293,5719,4436573
2017-02-09,31.286983109999998,31.19636187,31.06043001,31.15105125,5447,3433873
2017-02-10,31.286983109999998,31.249224260000002,31.113292400000002,31.12084417,4510,4119528
2017-02-13,31.06798178,30.697945049999998,30.57711673,30.78101452,10538,8616654
2017-02-14,30.792342174999998,30.77346275,30.516702569999996,30.54690965,8184,5429001
2017-02-15,31.06043001,31.05287824,30.62997912,30.74325567,6599,5164667
2017-02-16,31.22656895,31.15105125,30.98491231,31.0377747,5919,4901421
2017-02-17,31.36250081,31.324741959999997,30.80366983,31.113292400000002,8487,7845085
2017-02-21,31.52863975,31.513536209999998,31.20391364,31.25677603,5935,4834943
2017-02-22,31.55129506,31.407811430000002,31.302086650000003,31.513536209999998,6226,4261228
2017-02-23,31.70988223,31.67967515,31.37005258,31.47577736,7285,6044372
2017-02-24,31.98929772,31.98929772,31.747641079999998,31.81560701,5396,4935584
2017-02-27,31.943987099999998,31.58150214,31.52108798,31.913780019999997,8248,4929343
2017-02-28,31.619260989999997,31.55884683,31.44557028,31.58150214,5820,6938581
2017-03-01,31.85336586,31.747641079999998,31.388932004999997,31.55884683,7573,6154504
2017-03-02,31.78539993,31.77029639,31.596605680000003,31.63436453,5288,3564298
2017-03-03,31.755192849999997,31.724985769999996,31.53619152,31.755192849999997,5012,6003225
2017-03-06,31.717434,31.68722692,31.502208555000003,31.596605680000003,4762,4041773
2017-03-07,31.70988223,31.62681276,31.50598444,31.66457161,5737,4002554
2017-03-08,31.62681276,31.543743290000002,31.47577736,31.62681276,4762,5694793
2017-03-09,31.808055239999998,31.67212338,31.52863975,31.619260989999997,5516,4703680
2017-03-10,32.04216011,31.98174595,31.732537540000003,31.732537540000003,5889,5682285
2017-03-13,32.030832455,31.99684949,31.85336586,31.87602117,4011,3335660
2017-03-14,32.04971188,31.78539993,31.755192849999997,32.00440126,3585,2556024
2017-03-15,32.20074728,32.16298843,31.78539993,31.808055239999998,5701,4511431
2017-03-16,32.21585082,32.04971188,31.97419418,32.1705402,5475,4031173
2017-03-17,32.204523165000005,32.17809197,32.000625375,32.1705402,5584,12372279
2017-03-20,32.23850613,32.03460834,31.962866525000003,32.17809197,4487,3039440
2017-03-21,32.098798385,31.777848159999998,31.717434,32.07236719,9014,6157270
2017-03-22,31.7929517,31.453122049999998,31.313414305000002,31.7929517,8024,5158094
2017-03-23,31.649468069999998,31.453122049999998,31.271879569999996,31.37005258,6209,4360146
2017-03-24,31.63436453,31.47577736,31.373828465,31.52863975,6957,5933921
2017-03-27,31.524863864999997,31.33229373,31.253000144999998,31.407811430000002,5345,3938919
2017-03-28,31.419139084999998,31.38515612,31.158603019999997,31.249224260000002,6606,3951239
2017-03-29,31.527884573,31.302086650000003,31.264327799999997,31.38515612,6353,3780944
2017-03-30,31.58150214,31.53619152,31.21146541,31.23412072,5331,3531218
2017-03-31,31.630588645,31.37760435,31.37760435,31.566398599999996,5256,6509551
2017-04-03,31.543743290000002,31.39270789,31.24167249,31.40025966,6448,4825285
2017-04-04,31.494656784999997,31.483329129999998,31.271879569999996,31.40025966,4965,3076120
2017-04-05,31.513536209999998,31.34739727,31.317190189999998,31.49843267,7449,5160977
2017-04-06,30.977360540000003,30.660186200000002,30.660186200000002,30.962257,6323,5479135
2017-04-07,30.85653222,30.652634430000003,30.603547924999997,30.667737969999997,6662,5444073
2017-04-10,30.71304859,30.494047260000002,30.44118487,30.675289739999997,6022,4394535
2017-04-11,30.50159903,30.44118487,30.26749416,30.47139195,8833,4945345
2017-04-12,30.63753089,30.62997912,30.263718275000002,30.350563629999996,7681,6130017
2017-04-13,30.78101452,30.41852956,30.39587425,30.59222027,6274,6011704
2017-04-17,30.573340845,30.433633099999998,30.373218939999997,30.433633099999998,5507,3580642
2017-04-18,30.531806109999998,30.39587425,30.34301186,30.373218939999997,5417,4186189
2017-04-19,30.543133765,30.39587425,30.350563629999996,30.463840180000002,5482,5788082
2017-04-20,30.59222027,30.47894372,30.14666584,30.214631769999997,8191,6187449
2017-04-21,30.47894372,30.15421761,30.063596370000003,30.41097779,5804,6765824
2017-04-24,30.31280478,30.222183540000003,30.108906989999998,30.30525301,6151,5778110
2017-04-25,30.39587425,30.16176938,29.97297513,30.2825977,10736,8484100
2017-04-26,30.62997912,30.539357879999997,30.10135522,30.25994239,12089,8432965
2017-04-27,30.509150799999997,30.139114069999998,30.11645876,30.47139195,7068,5613947
2017-04-28,30.25239062,29.927664510000003,29.848370924999998,30.09380345,8249,8410808
2017-05-01,29.97297513,29.5274207,29.49721362,29.97297513,8235,6777962
2017-05-02,29.614266055,29.414144150000002,29.36128176,29.56517955,6729,5535907
2017-05-03,29.42924769,28.998796799999997,28.817554319999996,29.40659238,9502,9216502
2017-05-04,28.983693260000003,28.704277769999997,28.41731051,28.983693260000003,8953,6829678
2017-05-05,29.229125784999997,29.119625120000002,28.72693308,28.74203662,6872,6339923
2017-05-08,29.24045344,29.12717689,28.93838264,29.2253499,6881,5737367
2017-05-09,29.09696981,28.862864939999998,28.825106090000002,29.09696981,5865,5568316
2017-05-10,29.187591049999998,29.03655565,28.798674894999998,28.847761400000003,6894,6188125
2017-05-11,29.112073349999996,29.029003879999998,28.859089055000002,29.03655565,5616,5682973
2017-05-12,29.157383969999998,29.06676273,28.93083087,29.06676273,4224,3573736
2017-05-15,29.21779813,29.142280430000003,29.03655565,29.06676273,6345,5725823
2017-05-16,29.270660519999996,28.840209629999997,28.840209629999997,29.195142819999997,5361,5513395
2017-05-17,28.72693308,28.28893042,28.28137865,28.696725999999998,10081,8385800
2017-05-18,28.80245078,28.658967150000002,28.31158573,28.31158573,9393,7252092
2017-05-19,28.91572733,28.87796848,28.61365653,28.72693308,6336,6851797
2017-05-22,28.96103795,28.88552025,28.828881974999998,28.870416709999997,4702,3823826
2017-05-23,29.006348569999997,28.93083087,28.862864939999998,28.90062379,4661,3336313
2017-05-24,28.96858972,28.81000255,28.760916045000002,28.93838264,5605,4576606
2017-05-25,28.953486180000002,28.870416709999997,28.77979547,28.78734724,4773,3852456
2017-05-26,28.87796848,28.78734724,28.704277769999997,28.862864939999998,5184,3967011
2017-05-30,29.21024636,29.112073349999996,28.847761400000003,28.862864939999998,5092,5182624
2017-05-31,29.352974813,29.09696981,29.08186627,29.20269459,6950,8218662
2017-06-01,29.353729989999998,29.353729989999998,29.093193924999998,29.20269459,7148,5155062
2017-06-02,29.51231716,29.353729989999998,29.274436405,29.451902999999998,5689,6280053
2017-06-05,29.34617822,29.308419370000003,29.12717689,29.278212290000003,5234,3553410
2017-06-06,29.39148884,29.24800521,29.191366935,29.26310875,5953,4632316
2017-06-07,29.33107468,29.270660519999996,29.108297465,29.300867599999997,5833,4280007
2017-06-08,29.33107468,29.0743145,29.01390034,29.308419370000003,6885,5134547
2017-06-09,29.300867599999997,29.293315829999997,29.119625120000002,29.164935739999997,8233,5252657
2017-06-12,29.72376672,29.50476539,29.308419370000003,29.308419370000003,7583,5636708
2017-06-13,29.444351230000002,29.21024636,29.142280430000003,29.42924769,5393,4939446
2017-06-14,29.308419370000003,29.24045344,29.0743145,29.300867599999997,5691,4122078
2017-06-15,29.372609415000003,29.33107468,29.18003928,29.21779813,5131,4528560
2017-06-16,29.451902999999998,29.42169592,29.195142819999997,29.414144150000002,5283,12871706
2017-06-19,29.436799459999996,29.383937069999998,29.21779813,29.414144150000002,5464,6090927
2017-06-20,29.383937069999998,29.195142819999997,29.149832200000002,29.270660519999996,6408,5963973
2017-06-21,29.20269459,28.81000255,28.587225334999996,29.164935739999997,6819,5824621
2017-06-22,28.96103795,28.7722437,28.674070689999997,28.81000255,5275,4824117
2017-06-23,28.81000255,28.658967150000002,28.56079414,28.80245078,5173,9232562
2017-06-26,28.904399674999997,28.81000255,28.59100122,28.689174230000003,5362,5080707
2017-06-27,28.602328874999998,28.4701729,28.398431085,28.58344945,7264,6012378
2017-06-28,28.74203662,28.65141538,28.538138829999998,28.65141538,5832,4031647
2017-06-29,28.677846575,28.409758739999997,28.409758739999997,28.6212083,6811,5583997
2017-06-30,28.598552989999998,28.492828209999995,28.34934458,28.545690599999997,5580,6358023
2017-07-03,28.79489901,28.77979547,28.538138829999998,28.58344945,3854,3193649
2017-07-05,28.85531317,28.78734724,28.587225334999996,28.7722437,6953,5135216
2017-07-06,28.466397015,28.077480859999998,28.077480859999998,28.3946552,9673,6089799
2017-07-07,28.10013617,27.926445459999997,27.80561714,28.077480859999998,7080,4746410
2017-07-10,27.998187275000003,27.813168909999998,27.80561714,27.918893689999997,6080,5242218
2017-07-11,27.82827245,27.6394782,27.59416758,27.82827245,6472,5047300
2017-07-12,27.8660313,27.813168909999998,27.654581739999998,27.75275475,5827,4472807
2017-07-13,27.6394782,27.34495917,27.329855629999997,27.601719349999996,7387,6659367
2017-07-14,27.473339260000003,27.4129251,27.322303859999998,27.34495917,7116,5793969
2017-07-17,27.522425765,27.48089103,27.378942135000003,27.42047687,4794,4748665
2017-07-18,27.488442799999998,27.17882023,27.08819899,27.488442799999998,7808,6391676
2017-07-19,27.284545010000002,27.284545010000002,27.04288837,27.224130849999998,6885,4380343
2017-07-20,27.726323555,27.579064040000002,27.314752090000002,27.40537333,7906,7014372
2017-07-21,27.643254085,27.57151227,27.38271802,27.55640873,5147,6509359
2017-07-24,27.601719349999996,27.360062709999998,27.322303859999998,27.57151227,6833,6404300
2017-07-25,27.5639605,27.35251094,27.284545010000002,27.4129251,8786,6027186
2017-07-26,28.7722437,28.71938131,28.251171569999997,28.28137865,18915,15616382
2017-07-27,29.82193973,29.761525569999996,28.88552025,28.893072019999998,17436,13675841
2017-07-28,29.95787159,29.451902999999998,29.33107468,29.64069725,10672,8061844
2017-07-31,29.55007601,29.451902999999998,29.24045344,29.414144150000002,8203,10881581
2017-08-01,29.64069725,29.36128176,29.23290167,29.64069725,7726,7266612
2017-08-02,29.444351230000002,28.90062379,28.72693308,29.3763853,10712,8520548
2017-08-03,29.0743145,28.90817556,28.81000255,28.870416709999997,7622,4824378
2017-08-04,29.08186627,29.02145211,28.730708965,28.94593441,5334,4128492
2017-08-07,29.18003928,29.08941804,28.976141489999996,29.029003879999998,9802,5259074
2017-08-08,29.25555698,28.96858972,28.90062379,29.134728659999997,5732,4102906
2017-08-09,28.991245029999998,28.96858972,28.74958839,28.832657859999998,6094,5430723
2017-08-10,29.09696981,28.840209629999997,28.832657859999998,28.9232791,6361,6013311
2017-08-11,28.953486180000002,28.7722437,28.753364275000003,28.953486180000002,4553,4137692
2017-08-14,29.119625120000002,29.0743145,28.832657859999998,28.87796848,4564,5104505
2017-08-15,29.08186627,28.817554319999996,28.704277769999997,29.0743145,5012,3836474
2017-08-16,28.94593441,28.870416709999997,28.66651892,28.81000255,5585,4132085
2017-08-17,28.85531317,28.3946552,28.387103430000003,28.80245078,7379,6444951
2017-08-18,28.3946552,28.220964489999997,28.092584400000003,28.3191375,8138,6819058
2017-08-21,28.60610476,28.379551659999997,28.251171569999997,28.28893042,5892,5012116
2017-08-22,28.689174230000003,28.681622459999996,28.364448120000002,28.44751759,6394,4029334
2017-08-23,28.753364275000003,28.63631184,28.59100122,28.6212083,4128,7075056
2017-08-24,28.674070689999997,28.45506936,28.42486228,28.63631184,5299,3250506
2017-08-25,28.791123125,28.689174230000003,28.519259405,28.59100122,7432,4128887
2017-08-28,28.745812504999996,28.65141538,28.50793175,28.696725999999998,4067,2925920
2017-08-29,28.715605425,28.58344945,28.515483519999997,28.515483519999997,5210,2743057
2017-08-30,28.55324237,28.44751759,28.405982855,28.545690599999997,4284,3274588
2017-08-31,28.59100122,28.28893042,28.28137865,28.50793175,6089,6275804
2017-09-01,28.398431085,28.304033959999998,28.262499225,28.3946552,4939,2676528
2017-09-05,28.26627511,28.00951493,27.892462495,28.220964489999997,8268,6821354
2017-09-06,28.062377319999996,27.616822889999998,27.58661581,28.039722010000002,8107,6552065
2017-09-07,27.779185945,26.8843012,26.869197659999998,27.6394782,16214,9899729
2017-09-08,26.993801865,26.876749430000004,26.507467877,26.8843012,13772,9214338
2017-09-11,27.035336599999997,26.990025980000002,26.824642217,26.929611819999998,6402,5491830
2017-09-12,27.51109811,27.38271802,27.05044014,27.156164920000002,7490,6059885
2017-09-13,27.69234059,27.601719349999996,27.40537333,27.42802864,6034,6179601
2017-09-14,27.6394782,27.42802864,27.356286825,27.601719349999996,4963,4860669
2017-09-15,28.02461847,28.0170667,27.48089103,27.51109811,9325,16622996
2017-09-18,28.3191375,28.25872334,27.95665254,28.02461847,8137,6306137
2017-09-19,29.025227995,28.85531317,28.14544679,28.25872334,14652,10617572
2017-09-20,29.251781095,29.02145211,28.862864939999998,28.94593441,8959,5676970
2017-09-21,29.10452158,28.862864939999998,28.80245078,29.0743145,5376,4233098
2017-09-22,29.187591049999998,29.142280430000003,28.859089055000002,29.006348569999997,6365,7330857
2017-09-25,29.595386629999997,29.54252424,29.0743145,29.0743145,8194,10144580
2017-09-26,29.682231984999998,29.24045344,29.2253499,29.54252424,5978,5273175
2017-09-27,29.383937069999998,29.278212290000003,29.08186627,29.164935739999997,6834,4640001
2017-09-28,29.58028309,29.482110079999998,29.142280430000003,29.187591049999998,5494,4010017
2017-09-29,29.614266055,29.58028309,29.308419370000003,29.36128176,6350,6215574
2017-10-02,29.6784561,29.53497247,29.508541275000002,29.625593709999997,5270,3670502
2017-10-03,29.814387959999998,29.814387959999998,29.51986893,29.572731319999995,5548,3314347
2017-10-04,29.950319819999997,29.8294915,29.64069725,29.72376672,6381,4683091
2017-10-05,30.052268715,29.83704327,29.753973799999997,29.920112739999997,6994,5299952
2017-10-06,29.489661849999997,29.142280430000003,29.108297465,29.31597114,5857,5045914
2017-10-09,29.20269459,28.9232791,28.810757727000002,29.187591049999998,5496,5555019
2017-10-10,29.149832200000002,29.0743145,28.90062379,28.93083087,5276,5399311
2017-10-11,29.149832200000002,28.840209629999997,28.734484849999998,29.08941804,8268,7865509
2017-10-12,28.3191375,27.08064722,27.061767795,28.3191375,20205,16519167
2017-10-13,27.21657908,26.959818900000002,26.61998925,27.05044014,15901,11448308
2017-10-16,27.518649879999998,27.314752090000002,26.997577749999998,27.07309545,9932,6967477
2017-10-17,27.401597444999997,27.360062709999998,27.17882023,27.322303859999998,5716,5050357
2017-10-18,27.360062709999998,26.96737067,26.81633527,27.360062709999998,8826,7293981
2017-10-19,27.435580409999996,26.95226713,26.876749430000004,27.156164920000002,10833,7527931
2017-10-20,27.028540006999997,26.838990579999997,26.733265799999998,27.027784829999998,7676,9010005
2017-10-23,26.929611819999998,26.61998925,26.574678629999998,26.740817569999997,7981,7485812
2017-10-24,26.703058719999998,26.32547022,26.28771137,26.687955180000003,15211,10047977
2017-10-25,25.94032995,25.290877730000002,25.170049409999997,25.86481225,26863,16458152
2017-10-26,25.59294853,25.43436136,25.3739472,25.472120209999996,14573,9326727
2017-10-27,25.687345655,25.653362689999998,25.332412465,25.449464900000002,13988,10932681
2017-10-30,25.921450525,25.328636579999998,25.21536003,25.70622508,16808,12384845
2017-10-31,25.551413795000002,25.41170605,25.25311888,25.41170605,9915,9582950
2017-11-01,25.630707379999997,25.336188349999997,25.13984233,25.59294853,13669,8543293
2017-11-02,25.99319234,25.04922109,24.867978609999998,25.3739472,41416,18169837
2017-11-03,25.21536003,25.147394099999996,24.883082150000003,25.170049409999997,13847,7846988
2017-11-06,24.94349631,24.81511622,24.581011349999997,24.94349631,13895,11328974
2017-11-07,25.007686355,24.97370339,24.709391439999997,24.78490914,11291,7454903
2017-11-08,25.294653614999998,25.25311888,24.769805599999998,24.82266799,46062,16256079
2017-11-09,26.01584765,25.676018,25.19270472,25.2229118,31130,14121753
2017-11-10,26.03850296,25.84215694,25.7515357,25.78174278,20335,11118491
2017-11-13,25.947881719999998,25.80439809,25.785518665,25.88746756,9830,5555844
2017-11-14,25.8270534,25.464568439999997,25.358843659999998,25.8270534,10697,6038021
2017-11-15,25.8270534,25.53253437,25.41925782,25.71377685,13158,7288115
2017-11-16,26.17443482,26.068710040000003,25.53253437,25.55518968,13908,7758499
2017-11-17,26.34057376,26.061158269999996,25.947881719999998,25.947881719999998,7969,9442221
2017-11-20,26.3556773,26.15933128,26.00829588,26.061158269999996,9264,6644736
2017-11-21,26.242400749999998,25.925226409999997,25.89501933,26.15933128,13095,7823955
2017-11-22,26.363229069999996,26.33302199,25.8270534,25.88746756,7076,4994001
2017-11-24,26.393436150000003,26.28771137,26.234848980000002,26.33302199,2595,2565229
2017-11-27,26.434970885000002,26.18953836,26.091365349999997,26.30281491,7749,7034011
2017-11-28,26.838990579999997,26.74836934,26.098917120000003,26.15933128,7587,7367742
2017-11-29,27.597943465,27.54885696,26.740817569999997,26.79367996,16633,10505990
2017-11-30,27.8660313,27.473339260000003,27.20902731,27.5639605,14204,18096930
2017-12-01,27.748978864999998,27.5639605,27.13350961,27.450683950000002,14093,8158498
2017-12-04,28.34934458,28.14544679,27.790513599999997,27.790513599999997,15771,10260721
2017-12-05,28.15299856,27.601719349999996,27.579064040000002,28.107687939999998,12199,8399572
2017-12-06,27.522425765,27.26944147,27.20902731,27.458235719999998,9752,8529256
2017-12-07,27.48089103,27.314752090000002,27.043643547,27.2618897,8569,6519198
2017-12-08,27.75275475,27.737651209999996,27.299648549999997,27.299648549999997,6456,5782139
2017-12-11,27.892462495,27.8660313,27.579064040000002,27.70744413,6755,6272938
2017-12-12,28.825106090000002,28.7722437,27.926445459999997,27.979307849999998,14653,11927229
2017-12-13,28.840209629999997,28.72693308,28.220964489999997,28.681622459999996,13159,10179077
2017-12-14,28.81000255,28.50037998,28.45506936,28.57589768,9714,10813350
2017-12-15,28.91572733,28.87796848,28.64386361,28.81000255,8450,21691675
2017-12-18,29.36883353,29.04410742,28.987469145,29.0743145,8851,8592328
2017-12-19,29.206470474999996,28.734484849999998,28.71938131,29.0743145,8017,8847397
2017-12-20,29.327298795,29.112073349999996,28.840209629999997,28.90062379,8591,6849799
2017-12-21,29.67090433,29.36128176,29.059210959999998,29.142280430000003,8391,9608876
2017-12-22,29.53497247,29.40659238,29.229125784999997,29.26310875,6016,5128734
2017-12-26,29.69355964,29.49721362,29.42924769,29.451902999999998,4172,3232872
2017-12-27,29.55762778,29.36883353,29.236677555000004,29.50476539,5050,4915076
2017-12-28,29.602938400000003,29.58783486,29.36128176,29.482110079999998,5977,3887765
2017-12-29,29.69355964,29.36128176,29.36128176,29.64069725,6203,8480338
2018-01-02,29.482110079999998,29.10452158,28.972365605,29.451902999999998,8958,8266572
2018-01-03,29.06676273,28.43241405,28.34934458,29.02145211,10351,7777067
2018-01-04,28.836433745,28.696725999999998,28.141670905,28.50793175,10117,8160314
2018-01-05,28.817554319999996,28.80245078,28.546445777000002,28.74958839,7556,5637454
2018-01-08,29.05165919,28.88552025,28.58344945,28.80245078,6240,5542622
2018-01-09,28.689174230000003,28.31158573,28.307809844999998,28.3946552,7146,8063154
2018-01-10,28.17565387,27.654581739999998,27.59416758,28.15299856,9326,10883768
2018-01-11,27.767858290000003,27.54885696,27.469563375,27.654581739999998,8501,8201191
2018-01-12,27.930221345,27.8660313,27.42802864,27.51109811,7861,8170002
2018-01-16,27.952876655,27.73009944,27.597943465,27.903790150000003,7255,6862184
2018-01-17,27.900014265,27.82827245,27.55640873,27.767858290000003,7314,6036084
2018-01-18,28.228516260000003,28.054825549999997,27.79806537,27.82827245,8335,6398221
2018-01-19,28.20586095,28.10013617,27.900014265,28.19075741,8793,10618748
2018-01-22,28.61365653,28.598552989999998,27.926445459999997,28.069929090000002,8972,10266510
2018-01-23,28.862864939999998,28.085032629999997,27.967980194999996,28.674070689999997,10130,7463615
2018-01-24,28.228516260000003,27.95665254,27.933997230000003,28.12279148,6146,6121697
2018-01-25,28.28137865,28.28137865,27.824496564999997,27.941549,6859,7891061
2018-01-26,28.56079414,28.56079414,28.220964489999997,28.3191375,5888,5908311
2018-01-29,28.45506936,28.13789502,27.926445459999997,28.0170667,8927,7809543
2018-01-30,28.541914715,28.273826879999998,28.1681021,28.243619799999998,9641,7748531
2018-01-31,28.63631184,28.28137865,28.19075741,28.228516260000003,11611,13012508
2018-02-01,29.66335256,29.572731319999995,29.03655565,29.0743145,21835,13538957
2018-02-02,29.42924769,28.74958839,28.56079414,29.42169592,16967,10160749
2018-02-05,28.93083087,27.66213351,27.66213351,28.56079414,25919,13014309
2018-02-06,27.99441139,27.813168909999998,26.8087835,27.186372,40054,18968684
2018-02-07,28.28137865,27.88868661,27.745202980000002,27.82827245,17480,10729208
2018-02-08,27.88868661,26.86164589,26.86164589,27.88113484,22780,13763489
2018-02-09,27.446908065,27.224130849999998,26.457626194999996,27.186372,29059,14427984
2018-02-12,27.631926430000004,27.465787489999997,27.171268459999997,27.435580409999996,11385,8450294
2018-02-13,27.72254767,27.6394782,27.163716689999998,27.42802864,9669,5932557
2018-02-14,27.761061697000002,27.495994569999997,27.273217355,27.458235719999998,9045,8175796
2018-02-15,27.941549,27.941549,27.360062709999998,27.5639605,8690,7621738
2018-02-16,28.232292145,28.04727378,27.84337599,27.918893689999997,7403,6070757
2018-02-20,28.00951493,27.767858290000003,27.696116474999997,27.85092776,7731,5069042
2018-02-21,27.96420431,27.42047687,27.39782156,27.75275475,9576,6921071
2018-02-22,27.933997230000003,27.54130519,27.50354634,27.52620165,7669,5228441
2018-02-23,27.75275475,27.73009944,27.40537333,27.59416758,6188,6194121
2018-02-26,28.32668927,28.28893042,27.79806537,27.85092776,6904,5328946
2018-02-27,28.42486228,27.84337599,27.84337599,28.28137865,11262,6068895
2018-02-28,28.069929090000002,27.4129251,27.4129251,28.02461847,9240,9392228
2018-03-01,27.745202980000002,27.186372,27.084423105000003,27.4129251,13637,8823386
2018-03-02,27.484666915000002,27.450683950000002,27.163716689999998,27.163716689999998,9796,6624086
2018-03-05,27.801841255,27.7149959,27.2618897,27.3374074,6250,6292553
2018-03-06,27.8660313,27.84337599,27.5639605,27.82827245,7368,4670473
2018-03-07,27.95665254,27.87358307,27.6394782,27.75275475,7140,5250472
2018-03-08,28.02461847,28.02461847,27.609271120000002,27.87358307,7064,5257543
2018-03-09,28.10013617,27.979307849999998,27.80561714,28.077480859999998,5116,5315904
2018-03-12,28.368224005,28.213412719999997,27.979307849999998,27.979307849999998,6772,6886447
2018-03-13,28.545690599999997,28.23606803,28.13789502,28.356896349999996,5962,5034750
2018-03-14,28.387103430000003,27.96420431,27.915117805,28.34179281,7588,4475429
2018-03-15,28.156774444999996,27.97175608,27.949100769999998,28.0170667,8421,5259963
2018-03-16,28.198309180000003,27.941549,27.8660313,27.979307849999998,6984,17249254
2018-03-19,28.00951493,27.624374659999997,27.54130519,27.926445459999997,7340,5986663
2018-03-20,27.79806537,27.443132180000003,27.326079745,27.737651209999996,5048,5662337
2018-03-21,27.5639605,27.186372,27.186372,27.450683950000002,7333,4352713
2018-03-22,27.21657908,26.710610489999997,26.703058719999998,27.17882023,10514,7922137
2018-03-23,26.83143881,26.204641900000002,26.091365349999997,26.710610489999997,12064,10099216
2018-03-26,26.64264456,26.19709013,26.00829588,26.48405739,10787,8571683
2018-03-27,26.5822304,26.3556773,26.19709013,26.29526314,10901,10505060
2018-03-28,27.069319564999997,26.854094120000003,26.61243748,26.65019633,11003,7121531
2018-03-29,27.10330253,26.92206005,26.665299870000002,26.959818900000002,8420,8529033
2018-04-02,26.929611819999998,26.5067127,26.30281491,26.876749430000004,12937,9184525
2018-04-03,26.744593455,26.710610489999997,26.318673627,26.544471549999997,10146,6330216
2018-04-04,27.137285495,27.09575076,26.416091459999997,26.431195,7852,5580908
2018-04-05,27.341183285,27.29209678,26.948491245,27.13350961,7070,4225835
2018-04-06,27.3374074,26.90695651,26.74836934,27.20902731,10542,6404406
2018-04-09,26.959818900000002,26.55957509,26.48405739,26.61998925,7009,6978458
2018-04-10,27.48089103,27.04288837,26.46895385,26.687955180000003,16006,10436736
2018-04-11,26.978698325,26.61998925,26.56712686,26.91450828,7059,5303085
2018-04-12,26.78612819,26.552023319999996,26.480281504999997,26.74836934,6509,5525631
2018-04-13,26.710610489999997,26.53691978,26.44629854,26.5822304,6021,4083334
2018-04-16,27.05044014,26.91450828,26.59733394,26.703058719999998,5812,7430241
2018-04-17,27.005129519999997,26.703058719999998,26.669075754999998,26.95226713,8592,5645600
2018-04-18,26.838990579999997,26.58978217,26.552023319999996,26.76347288,6802,4940567
2018-04-19,26.63509279,26.29526314,26.28771137,26.61243748,6523,6818803
2018-04-20,26.47650562,26.18198659,25.789294549999997,26.33302199,12325,11461642
2018-04-23,26.34812553,26.34812553,26.12157243,26.227297209999996,6111,5240300
2018-04-24,26.67285164,26.431195,26.249952519999997,26.58978217,8773,6204214
2018-04-25,26.604885709999998,26.5822304,26.228052387,26.32547022,8658,7551822
2018-04-26,25.441913129999996,24.996358700000002,24.516821305,25.27577419,38015,25828057
2018-04-27,25.34374012,24.95104808,24.93594454,24.996358700000002,13468,11896913
2018-04-30,25.2229118,24.694287900000003,24.67163259,25.13229056,11300,11259608
2018-05-01,24.845323299999997,24.573459579999998,24.441303605,24.73204675,11143,9086808
2018-05-02,24.63387374,24.21097462,24.09769807,24.6187702,9133,10896810
2018-05-03,24.278940549999998,24.12035338,23.874920855,24.165664,12813,9388639
2018-05-04,24.36201002,24.27138878,24.03728391,24.08259453,6743,5605167
2018-05-07,24.35445825,24.19587108,24.053142627,24.33180294,6550,5834477
2018-05-08,24.165664,23.9391109,23.84848966,24.12790515,9262,7684891
2018-05-09,23.94666267,23.7125578,23.53886709,23.90890382,11352,9499980
2018-05-10,24.18831931,24.07504276,23.788075499999998,23.87869674,8865,6687255
2018-05-11,24.395992985,24.38466533,24.165664,24.165664,7535,6817322
2018-05-14,24.528148959999996,24.30914763,24.244957584999998,24.45263126,9705,6790792
2018-05-15,24.34690648,24.233629930000003,24.02973214,24.263837010000003,10806,6797089
2018-05-16,24.475286569999998,24.392217099999996,24.20342285,24.248733469999998,8107,4755473
2018-05-17,24.445079489999998,24.112801609999998,24.093922185,24.42997595,9096,7098410
2018-05-18,24.241181700000002,24.20342285,24.00707683,24.09769807,11734,6677377
2018-05-21,24.652753165000004,24.61121843,24.086370414999998,24.29404409,8183,6881054
2018-05-22,24.773581485,24.49039011,24.475286569999998,24.63387374,9373,7608827
2018-05-23,24.558356040000003,24.414872409999997,24.20342285,24.475286569999998,8499,6360388
2018-05-24,24.77735737,24.75470206,24.328027055000003,24.46018303,10925,9292409
2018-05-25,24.701839670000002,24.550804269999997,24.46018303,24.664080819999995,7503,6293996
2018-05-29,24.535700730000002,24.414872409999997,24.27138878,24.4677348,10160,8321757
2018-05-30,24.64142551,24.59611489,24.37711356,24.422424180000004,7210,6161951
2018-05-31,24.558356040000003,24.40732064,24.286492319999997,24.558356040000003,8444,10348343
2018-06-01,24.62632197,24.52059719,24.441303605,24.528148959999996,8331,6154512
2018-06-04,24.67918436,24.475286569999998,24.456407144999996,24.6187702,7546,4536688
2018-06-05,24.701839670000002,24.67918436,24.392217099999996,24.475286569999998,8137,6683836
2018-06-06,25.34374012,25.20780826,24.619525377,24.72449498,11730,9109996
2018-06-07,25.653362689999998,25.53253437,24.852875069999996,24.95104808,10942,11495602
2018-06-08,25.694897424999997,25.54763791,25.358843659999998,25.36639543,8157,9569579
2018-06-11,26.03095119,25.81194986,25.54008614,25.64581092,12728,9421411
2018-06-12,26.075506633000003,25.94032995,25.73643216,26.0536065,10819,10240707
2018-06-13,25.022789895,24.33180294,24.32425117,24.93594454,72518,41338311
2018-06-14,24.901961575,24.558356040000003,24.241181700000002,24.63387374,31597,20603867
2018-06-15,25.124738790000002,25.034117549999998,24.282716435,24.664080819999995,19373,37890071
2018-06-18,24.920841,24.30914763,24.241181700000002,24.920841,16946,18635577
2018-06-19,24.6187702,24.46018303,24.13545692,24.165664,12768,29186390
2018-06-20,24.60366666,24.165664,24.12790515,24.505493650000002,10941,14777669
2018-06-21,24.388441215,23.8635932,23.799403155,24.248733469999998,10816,10539465
2018-06-22,24.08259453,23.93155913,23.79562727,23.9391109,9674,20903517
2018-06-25,24.127149973,23.94666267,23.84848966,23.89380028,9632,11260664
2018-06-26,24.018404484999998,23.87869674,23.7125578,23.954214439999998,9547,11550092
2018-06-27,24.20342285,23.90135205,23.89380028,24.15056046,9676,10039569
2018-06-28,24.403544755,24.30914763,23.90890382,24.00707683,10889,10200046
2018-06-29,24.535700730000002,24.248733469999998,24.20342285,24.3166994,8791,12303490
2018-07-02,24.399768870000003,24.32425117,24.165664,24.256285239999997,8464,12732691
2018-07-03,24.758477944999996,24.701839670000002,24.30159586,24.33935471,6018,6438886
2018-07-05,24.73204675,24.6187702,24.52059719,24.72449498,7401,9465669
2018-07-06,24.72449498,24.67918436,24.509269534999998,24.64897728,8792,9325992
2018-07-09,24.441303605,24.278940549999998,24.248733469999998,24.3166994,7064,15875391
2018-07-10,24.5432525,24.5432525,24.264592186999998,24.3166994,5993,6831242
2018-07-11,24.422424180000004,24.06749099,24.05993922,24.399768870000003,7732,9738900
2018-07-12,24.395992985,24.33935471,24.090146299999997,24.20342285,8991,11679059
2018-07-13,24.09769807,23.91645559,23.791851384999998,24.07504276,11753,11115887
2018-07-16,24.15056046,24.090146299999997,23.905127935,23.94666267,6815,10696160
2018-07-17,24.244957584999998,23.98442152,23.94666267,24.05993922,6904,8185775
2018-07-18,24.12035338,23.94666267,23.9391109,24.0146286,6153,11596687
2018-07-19,23.99952506,23.61438479,23.59928125,23.97686975,8128,12771801
2018-07-20,23.633264215,23.486004700000002,23.444469965,23.59928125,7222,10454676
2018-07-23,23.557746514999998,23.410487,23.2594516,23.51621178,7556,8640789
2018-07-24,23.92400736,23.92400736,23.418038770000003,23.59928125,12276,10432764
2018-07-25,23.54641886,22.84410425,22.76103478,23.44824585,25479,19922750
2018-07-26,23.074433235,22.91962195,22.8818631,22.8818631,8312,10021361
2018-07-27,23.56907417,23.470901159999997,22.923397835,23.01779496,11911,11048530
2018-07-30,24.263081832999998,24.165664,23.75031665,23.82583435,12852,14020653
2018-07-31,24.418648295,24.14300869,24.124129265,24.27138878,8099,15490812
2018-08-01,24.33180294,24.090146299999997,24.018404484999998,24.33180294,8548,9040072
2018-08-02,24.237405815,24.05238745,23.99197329,24.12790515,7652,7045897
2018-08-03,24.37711356,24.369561790000002,23.98442152,24.05993922,6662,6613233
2018-08-06,24.40732064,24.248733469999998,24.165664,24.29404409,6188,7617333
2018-08-07,24.49794188,24.4677348,24.146784575,24.21852639,6749,5918065
2018-08-08,24.56590781,24.43752772,24.399768870000003,24.5432525,6118,5693792
2018-08-09,24.5432525,24.535700730000002,24.35445825,24.45263126,4375,3968671
2018-08-10,24.471510685000002,24.36201002,24.286492319999997,24.414872409999997,5267,4798385
2018-08-13,24.422424180000004,24.32425117,24.305371745000002,24.36201002,4471,6905197
2018-08-14,24.45263126,24.34690648,24.32425117,24.33935471,5587,4227699
2018-08-15,24.581011349999997,24.52059719,24.263837010000003,24.392217099999996,8593,7516168
2018-08-16,25.025810603,24.988806930000003,24.573459579999998,24.58856312,8171,7979558
2018-08-17,25.113411135,24.94349631,24.89063392,24.94349631,6999,5976659
2018-08-20,25.10963525,25.003910469999997,24.92839277,25.02656578,6152,5842122
2018-08-21,25.358843659999998,25.2229118,25.170049409999997,25.170049409999997,6747,6281261
2018-08-22,25.064324629999998,24.67918436,24.664080819999995,25.003910469999997,9450,7337406
2018-08-23,24.75470206,24.535700730000002,24.475286569999998,24.694287900000003,5580,5345166
2018-08-24,24.72449498,24.64897728,24.528148959999996,24.535700730000002,3804,4411983
2018-08-27,24.94349631,24.79246091,24.709391439999997,24.72449498,4983,3763431
2018-08-28,24.788685025000003,24.67163259,24.64142551,24.78490914,3988,3786123
2018-08-29,24.67163259,24.33935471,24.328027055000003,24.664080819999995,5012,6096340
2018-08-30,24.40732064,24.13545692,24.071266875,24.30914763,6399,5630072
2018-08-31,24.15056046,24.12035338,23.957990325,24.12790515,7786,9634499
2018-09-04,24.12035338,24.05993922,23.77297196,23.97686975,5862,6969259
2018-09-05,24.19587108,24.18076754,23.818282579999998,23.94666267,6890,7585467
2018-09-06,24.395992985,24.30159586,24.169439885000003,24.263837010000003,6458,6202319
2018-09-07,24.46018303,24.256285239999997,24.237405815,24.30159586,7451,7345021
2018-09-10,24.686736129999996,24.46018303,24.32425117,24.45263126,7265,6713698
2018-09-11,24.766029715000002,24.67163259,24.528148959999996,24.5432525,5720,6016198
2018-09-12,25.41170605,25.23801534,24.800012680000002,24.80756445,10306,9485541
2018-09-13,25.441913129999996,25.43436136,24.988806930000003,25.25311888,8440,7613322
2018-09-14,25.407930165000003,25.3739472,25.147394099999996,25.336188349999997,7638,6544948
2018-09-17,25.531779193,25.38905074,25.249342995000003,25.3739472,7241,6007264
2018-09-18,25.615603840000002,25.464568439999997,25.213849676,25.36639543,7933,8731464
2018-09-19,25.64581092,25.200256489999997,25.10963525,25.64581092,6941,8545082
2018-09-20,25.321084810000002,25.25311888,25.041669319999997,25.26067065,5942,5910509
2018-09-21,25.853484594999998,25.50987906,25.50987906,25.7515357,11652,61121646
2018-09-24,25.879915790000002,25.608052069999996,25.48722375,25.879915790000002,8447,9769284
2018-09-25,25.815725745,25.494775519999997,25.445689015,25.494775519999997,6659,7522737
2018-09-26,25.608052069999996,25.18515295,25.177601180000003,25.57029322,6335,8394747
2018-09-27,25.50232729,25.23801534,25.124738790000002,25.283325959999996,6578,8090709
2018-09-28,25.43436136,25.358843659999998,25.16249764,25.230463569999998,4802,6639126
2018-10-01,25.48722375,25.290877730000002,25.21536003,25.41925782,4168,5320789
2018-10-02,25.623155609999998,25.615603840000002,25.283325959999996,25.2984295,6273,7141579
2018-10-03,25.7515357,25.615603840000002,25.506103175,25.743983930000002,5664,6751489
2018-10-04,25.777966895,25.766639239999996,25.324860694999998,25.53253437,7112,7012586
2018-10-05,25.902571099999996,25.66846623,25.574069105,25.8270534,7010,7426162
2018-10-08,25.808173975,25.75908747,25.50987906,25.676018,6650,6425016
2018-10-09,25.445689015,25.2984295,25.2984295,25.43436136,6603,5544408
2018-10-10,25.66846623,24.80756445,24.800012680000002,25.39660251,10454,10665153
2018-10-11,24.96615162,23.97686975,23.90890382,24.82266799,16707,13383868
2018-10-12,24.433751835,24.35445825,24.056163335,24.165664,9819,10480154
2018-10-15,24.667856705,24.43752772,24.33180294,24.369561790000002,6204,10347696
2018-10-16,24.516821305,24.46018303,24.282716435,24.422424180000004,5958,5750955
2018-10-17,24.701839670000002,24.59611489,24.38466533,24.4677348,6668,6044131
2018-10-18,24.80756445,24.5432525,24.34690648,24.573459579999998,8117,6162437
2018-10-19,24.879306265,24.82266799,24.48283834,24.505493650000002,6212,9728672
2018-10-22,24.875530379999997,24.67163259,24.6187702,24.860426840000002,5297,5168814
2018-10-23,25.128514674999998,24.93594454,24.21097462,24.82266799,17507,10792246
2018-10-24,24.0146286,22.92717372,22.85920779,23.9391109,32759,22135253
2018-10-25,23.168830359999998,22.64020646,22.477843405,23.15372682,17486,15542664
2018-10-26,22.579792299999998,21.96809893,21.790632335,22.579792299999998,19005,17538583
2018-10-29,22.89696664,22.38344628,22.119134329999998,22.3532392,13088,11310967
2018-10-30,23.100864429999998,23.010243189999997,22.59489584,22.70062062,13893,13305059
2018-10-31,23.39538346,23.168830359999998,22.75348301,23.11596797,10294,12349609
2018-11-01,23.44824585,23.02534673,22.942277259999997,23.402935229999997,8584,8853237
2018-11-02,23.338745185,23.04800204,22.923397835,23.1084162,8450,8727472
2018-11-05,23.29721045,23.131071509999998,23.08576089,23.161278590000002,6570,7927620
2018-11-06,23.38027992,23.38027992,23.04045027,23.14617505,6191,5886338
2018-11-07,23.50866001,23.486004700000002,23.17638213,23.418038770000003,6322,7905339
2018-11-08,23.527539435,23.44069408,23.31986576,23.44824585,6162,9447822
2018-11-09,23.467125275,23.17638213,22.98758788,23.410487,8372,10408843
2018-11-12,23.580401825,23.24434806,23.161278590000002,23.168830359999998,6852,6085642
2018-11-13,23.32741753,22.904518409999998,22.870535444999998,23.31231399,7052,6180313
2018-11-14,23.19148567,23.04045027,22.74593124,23.07065735,8146,7584404
2018-11-15,22.904518409999998,22.74593124,22.583568185,22.904518409999998,9709,8486524
2018-11-16,22.97248434,22.874311329999998,22.61755115,22.715724159999997,6344,8334009
2018-11-19,23.17638213,22.91962195,22.81389717,22.9573808,8901,7302511
2018-11-20,22.79124186,22.21730734,22.2022038,22.74593124,10647,8489257
2018-11-21,22.67041354,22.481619289999998,22.2777215,22.30037681,7541,6969695
2018-11-23,22.46651575,22.17199672,22.168220835,22.4287569,3616,3300337
2018-11-26,22.764810665,22.61755115,22.406101590000002,22.406101590000002,8356,8149503
2018-11-27,23.021570845,22.98758788,22.447636325,22.511826369999998,6877,7386782
2018-11-28,23.31231399,23.21414098,22.91962195,22.98758788,7761,8889349
2018-11-29,23.187709785,23.08576089,22.806345399999998,22.904518409999998,7130,7242547
2018-11-30,23.73521311,23.591729479999998,23.168830359999998,23.20658921,11756,25562630
2018-12-03,24.090146299999997,23.94666267,23.64459187,23.99197329,11311,10779233
2018-12-04,24.169439885000003,23.20658921,23.165054475,23.99952506,11761,12340489
2018-12-06,23.07820912,23.05555381,22.54203345,22.97248434,12563,12340229
2018-12-07,23.31231399,22.76103478,22.666637655,22.85920779,11134,8876774
2018-12-10,22.715724159999997,22.58734407,22.02851309,22.69306885,10638,8748517
2018-12-11,23.157502705,22.4287569,22.345687429999998,23.02534673,11102,9987237
2018-12-12,22.874311329999998,22.77613832,22.60244761,22.7308277,8734,11100083
2018-12-13,22.798793630000002,22.58734407,22.31548035,22.7308277,7823,9599425
2018-12-14,22.953604915,22.82144894,22.474067520000002,22.5042746,7926,11676554
2018-12-17,22.836552479999998,22.54958522,22.3532392,22.75348301,8921,11125830
2018-12-18,22.66286177,22.46651575,22.36079097,22.38344628,9174,9748680
2018-12-19,22.8818631,22.51937814,22.36834274,22.60244761,14038,13407717
2018-12-20,22.511826369999998,21.635821049999997,21.28843963,22.511826369999998,17859,20096345
2018-12-21,22.08137548,21.37906087,21.254456665,21.31864671,15105,33005833
2018-12-24,21.363957329999998,20.66164272,20.66164272,21.32619848,9857,8284618
2018-12-26,21.216697815,21.205370159999998,20.2387436,20.82022989,14804,12982940
2018-12-27,21.25823255,21.25823255,20.51815909,20.9939206,13042,13358215
2018-12-28,21.74154583,21.492337420000002,21.363957329999998,21.37906087,12106,9645062
2018-12-31,21.62071751,21.55275158,21.21292193,21.5225445,9054,11463463
2019-01-02,22.341911545,22.30792858,21.375284985,21.54519981,9645,10749338
2019-01-03,22.5042746,22.33813566,22.06627194,22.31548035,11821,9811523
2019-01-04,22.942277259999997,22.91207018,22.57224053,22.647758229999997,9400,11586403
2019-01-07,23.610608905,23.32741753,22.973239517,23.168830359999998,11593,10078339
2019-01-08,23.697454259999997,23.62193656,23.43314231,23.6370401,11367,9868478
2019-01-09,23.29721045,22.7308277,22.636430575000002,23.28965868,9510,9645461
2019-01-10,23.014019075,22.9573808,22.52692991,22.70062062,7153,8271766
2019-01-11,23.37272815,23.31231399,22.88941487,22.9573808,7063,5687997
2019-01-14,23.24434806,23.12351974,22.94982903,23.17638213,5950,6686017
2019-01-15,23.1084162,23.1084162,22.836552479999998,23.05555381,6643,6903076
2019-01-16,23.21414098,23.07820912,22.923397835,23.010243189999997,5896,6702785
2019-01-17,23.21414098,23.13862328,22.96493257,23.06310558,6909,5947783
2019-01-18,23.43314231,23.38027992,23.05555381,23.27455514,8896,13863987
2019-01-22,23.402935229999997,23.09331266,22.97248434,23.38027992,9328,11259412
2019-01-23,23.331193414999998,23.32741753,23.100864429999998,23.168830359999998,5734,7636065
2019-01-24,23.240572174999997,23.1084162,22.85920779,23.19148567,6234,6057606
2019-01-25,23.43314231,23.15372682,23.13862328,23.21414098,6821,8193805
2019-01-28,23.161278590000002,23.161278590000002,22.98758788,23.12351974,7308,8189723
2019-01-29,23.1839339,23.1839339,22.99513965,23.1084162,8046,7245821
2019-01-30,22.82900071,22.179548490000002,21.90768477,22.65531,22952,19530141
2019-01-31,22.719500045,22.70062062,22.01340955,22.255066189999997,10016,13282627
2019-02-01,22.92717372,22.65531,22.579792299999998,22.84410425,7576,11982062
2019-02-04,22.66286177,22.36079097,22.326808005,22.65531,6573,9968245
2019-02-05,22.4287569,22.37589451,22.255066189999997,22.38344628,6023,6803094
2019-02-06,22.49672283,22.323032119999997,22.296600925,22.45896398,4077,5490042
2019-02-07,22.2777215,22.23996265,21.83971884,22.2777215,7310,8467511
2019-02-08,22.31548035,22.31548035,21.98320247,22.2022038,5373,5829240
2019-02-11,22.53448168,22.43630867,22.24751442,22.3532392,4825,9298033
2019-02-12,22.67796531,22.511826369999998,22.455188095,22.54203345,5565,7538465
2019-02-13,22.56468876,22.53448168,22.2777215,22.49672283,5678,6553109
2019-02-14,22.66286177,22.49672283,22.323032119999997,22.45141221,6294,6096932
2019-02-15,23.04800204,23.010243189999997,22.606223495,22.65531,8366,10842588
2019-02-19,23.168830359999998,23.131071509999998,22.89696664,23.01779496,5338,7035680
2019-02-20,23.36517638,23.29721045,23.00269142,23.131071509999998,5449,6326190
2019-02-21,23.452021735,23.28210691,23.131071509999998,23.29721045,5500,6068502
2019-02-22,23.550194745,23.523763549999998,23.28210691,23.39538346,5309,5861382
2019-02-25,23.61438479,23.50866001,23.425590539999998,23.59928125,4386,5873439
2019-02-26,23.73521311,23.57662594,23.38783169,23.50866001,6851,7970511
2019-02-27,23.591729479999998,23.45579762,23.24434806,23.58417771,6228,6804561
2019-02-28,23.60683302,23.50110824,23.38783169,23.470901159999997,5010,10025661
2019-03-01,23.587953595,23.27455514,23.13862328,23.561522399999998,5276,7040885
2019-03-04,23.35762461,22.64020646,22.409877475000002,23.35007284,10439,10721170
2019-03-05,22.69306885,22.61755115,22.505784954,22.64020646,5968,6333256
2019-03-06,22.75348301,22.511826369999998,22.477843405,22.65531,5012,5431766
2019-03-07,22.70817239,22.59489584,22.508050485,22.579792299999998,4886,5858876
2019-03-08,22.696844735,22.62510292,22.462739865,22.54203345,5140,6212783
2019-03-11,22.885638985,22.82144894,22.613775265,22.64020646,5404,7303633
2019-03-12,23.32741753,23.131071509999998,22.84410425,22.84410425,7667,7780584
2019-03-13,23.168830359999998,22.866759560000002,22.81389717,23.15372682,6211,7001532
2019-03-14,23.02534673,22.866759560000002,22.81389717,22.866759560000002,4838,6132800
2019-03-15,23.168830359999998,23.161278590000002,22.8818631,23.02534673,6792,25114218
2019-03-18,23.28965868,23.2594516,23.100864429999998,23.17638213,4505,6198908
2019-03-19,23.44069408,23.168830359999998,23.07820912,23.31231399,6788,8791286
2019-03-20,23.225468635,23.04045027,22.9573808,23.08576089,5448,6919516
2019-03-21,23.523763549999998,23.45579762,22.99513965,22.99513965,6183,6092083
2019-03-22,23.66724718,23.46334939,23.425590539999998,23.45579762,7918,8698872
2019-03-25,23.493556469999998,23.23679629,23.149950935,23.486004700000002,6747,6254281
2019-03-26,23.723885454999998,23.70500603,23.36517638,23.36517638,4997,5909268
2019-03-27,23.890024395,23.7125578,23.59928125,23.61438479,6548,7103731
2019-03-28,23.78052373,23.418038770000003,23.31986576,23.74276488,6171,7412272
2019-03-29,23.697454259999997,23.68235072,23.39538346,23.523763549999998,6130,10736772
2019-04-01,24.158112229999997,24.12790515,23.837162005,23.85604143,7237,8572945
2019-04-02,24.105249840000003,23.886248509999998,23.82583435,24.08259453,6871,7009467
2019-04-03,24.13545692,24.06749099,23.89380028,24.0146286,6336,6849894
2019-04-04,24.263837010000003,24.15056046,24.105249840000003,24.105249840000003,6091,6595745
2019-04-05,24.433751835,24.42997595,24.112801609999998,24.233629930000003,7545,10185536
2019-04-08,24.550804269999997,24.46018303,24.3166994,24.475286569999998,7727,9387670
2019-04-09,24.03728391,23.97686975,23.818282579999998,23.96931798,6092,6669566
2019-04-10,24.19587108,24.07504276,23.97686975,23.98442152,4351,5189845
2019-04-11,24.34690648,24.3166994,24.105249840000003,24.105249840000003,5633,5413375
2019-04-12,24.399768870000003,24.3166994,24.14300869,24.369561790000002,4879,6021082
2019-04-15,24.33935471,24.18076754,24.12035338,24.33180294,3727,5216766
2019-04-16,24.35445825,24.35445825,24.12035338,24.263837010000003,5485,5238570
2019-04-17,24.312923515,24.12790515,24.12790515,24.21852639,5415,5117167
2019-04-18,24.241181700000002,24.18831931,24.056163335,24.14300869,5289,6911671
2019-04-22,24.30159586,24.226078159999997,24.105249840000003,24.165664,5321,6232831
2019-04-23,24.369561790000002,24.241181700000002,24.07504276,24.256285239999997,6516,7220002
2019-04-24,23.85604143,23.25189983,23.04800204,23.56907417,21515,16721669
2019-04-25,23.119743855,22.91207018,22.69306885,23.09331266,10488,9295953
2019-04-26,23.376504035,23.168830359999998,22.866759560000002,23.00269142,6747,10333252
2019-04-29,23.6370401,23.31986576,23.278331025,23.31986576,6272,7262498
2019-04-30,23.512435895,23.38027992,23.22924452,23.34252107,5846,8846731
2019-05-01,23.565298284999997,23.25189983,23.24434806,23.470901159999997,5602,6235568
2019-05-02,23.414262885,23.12351974,23.100864429999998,23.37272815,6075,5988722
2019-05-03,23.25189983,23.1839339,23.09331266,23.131071509999998,5169,6734628
2019-05-06,23.13862328,23.100864429999998,22.942277259999997,23.02534673,5548,7379450
2019-05-07,23.100864429999998,23.05555381,22.874311329999998,23.010243189999997,5858,6967224
2019-05-08,23.029122615000002,22.8818631,22.787465975,22.9573808,5975,6167274
2019-05-09,22.991363765,22.942277259999997,22.75348301,22.78369009,6224,5996133
2019-05-10,23.198282263,23.12351974,22.779914204999997,22.84410425,5830,5595148
2019-05-13,23.14617505,23.010243189999997,22.91207018,22.91962195,6621,6933305
2019-05-14,23.697454259999997,23.47845293,23.12351974,23.14617505,7673,8036564
2019-05-15,23.6370401,23.59928125,23.32741753,23.402935229999997,6316,6013457
2019-05-16,24.06749099,23.87869674,23.697454259999997,23.70500603,4457,4782247
2019-05-17,24.158112229999997,24.0146286,23.7125578,23.7125578,5952,8687346
2019-05-20,24.97370339,24.30914763,24.13545692,24.369561790000002,10566,11393239
2019-05-21,24.645201394999997,24.475286569999998,24.241181700000002,24.35445825,5611,5807518
2019-05-22,24.505493650000002,24.37711356,24.256285239999997,24.35445825,4737,4866683
2019-05-23,24.403544755,24.27138878,24.12035338,24.29404409,6071,6004365
2019-05-24,24.429220772999997,24.369561790000002,24.241181700000002,24.414872409999997,3502,3806245
2019-05-28,24.475286569999998,24.112801609999998,24.09769807,24.392217099999996,5774,8388790
2019-05-29,24.3166994,24.09769807,23.93155913,24.090146299999997,6339,6289442
2019-05-30,24.21852639,24.05993922,23.89380028,24.03728391,6090,5255694
2019-05-31,23.523763549999998,23.09331266,22.942277259999997,23.50110824,10414,11334688
2019-06-03,23.67479895,23.47845293,23.168830359999998,23.21414098,9121,8876459
2019-06-04,23.788075499999998,23.77297196,23.39538346,23.7125578,6293,6923190
2019-06-05,23.94666267,23.92400736,23.72766134,23.8635932,4951,4751482
2019-06-06,24.29404409,24.241181700000002,23.94666267,23.97686975,5169,5847319
2019-06-07,24.686736129999996,24.535700730000002,24.278940549999998,24.33180294,6229,6651125
2019-06-10,24.920841,24.112801609999998,24.05993922,24.694287900000003,6590,7148570
2019-06-11,24.494165995000003,24.248733469999998,24.19587108,24.226078159999997,4728,4921713
2019-06-12,24.392217099999996,24.30159586,24.18831931,24.33180294,3707,4829824
2019-06-13,24.414872409999997,24.38466533,24.275164665000002,24.3166994,3538,5191775
2019-06-14,24.494165995000003,24.42997595,24.30914763,24.38466533,3154,5562743
2019-06-17,24.46018303,24.392217099999996,24.294799267,24.33935471,2870,4408909
2019-06-18,24.690512015,24.49794188,24.4677348,24.505493650000002,4002,4944121
2019-06-19,24.61121843,24.475286569999998,24.411096525,24.5432525,3856,6258813
2019-06-20,24.6187702,24.573459579999998,24.399768870000003,24.60366666,4085,6937786
2019-06-21,24.64897728,24.505493650000002,24.49039011,24.64897728,5037,18571395
2019-06-24,24.67918436,24.60366666,24.51304542,24.535700730000002,3883,5621425
2019-06-25,24.614994314999997,24.581011349999997,24.509269534999998,24.60366666,3540,4423945
2019-06-26,24.758477944999996,24.56590781,24.558356040000003,24.6187702,3415,7363098
2019-06-27,24.939720424999997,24.905737459999997,24.59611489,24.73204675,4255,7029370
2019-06-28,25.336188349999997,25.305981269999997,24.867978609999998,24.91328923,7101,15578594
2019-07-01,25.596724415,25.24556711,25.226687685,25.524982599999998,6299,7212656
2019-07-02,25.57784499,25.55518968,25.200256489999997,25.27577419,5022,5694423
2019-07-03,25.702449194999996,25.660914459999997,25.57784499,25.638259150000003,2511,4855960
2019-07-05,25.947881719999998,25.902571099999996,25.64581092,25.660914459999997,3987,5370653
2019-07-08,25.947881719999998,25.86481225,25.72888039,25.789294549999997,4790,7100141
2019-07-09,25.41925782,25.328636579999998,25.230463569999998,25.336188349999997,4855,6119392
2019-07-10,25.551413795000002,25.494775519999997,25.39660251,25.43436136,4920,6851121
2019-07-11,25.68356977,25.26822242,25.11718702,25.676018,4449,5444263
2019-07-12,25.41925782,25.41170605,25.21536003,25.2984295,5165,5605226
2019-07-15,25.472120209999996,25.45701667,25.358843659999998,25.38149897,2270,5759213
2019-07-16,25.464568439999997,25.358843659999998,25.305981269999997,25.42680959,2427,3112436
2019-07-17,25.35129189,25.11718702,25.10963525,25.321084810000002,3355,4603866
2019-07-18,25.064324629999998,24.988806930000003,24.800012680000002,25.05677286,5551,8632755
2019-07-19,25.11718702,24.76225383,24.74715029,25.10208348,4954,8744254
2019-07-22,24.709391439999997,24.263837010000003,24.222302275,24.701839670000002,5666,8308598
2019-07-23,24.27138878,24.233629930000003,23.80317904,24.263837010000003,7269,9514595
2019-07-24,25.20780826,25.10208348,24.422424180000004,24.445079489999998,11216,10206200
2019-07-25,25.66846623,25.53253437,25.290877730000002,25.43436136,7462,9152330
2019-07-26,25.849708709999998,25.789294549999997,25.3739472,25.449464900000002,4446,6957699
2019-07-29,26.00829588,25.932778180000003,25.638259150000003,25.789294549999997,4539,6082839
2019-07-30,26.15933128,25.81194986,25.73643216,26.00829588,4909,7601450
2019-07-31,26.03095119,25.71377685,25.6005003,25.81194986,7814,9763521
2019-08-01,26.0536065,25.766639239999996,25.69112154,26.03095119,8611,9548480
2019-08-02,25.932778180000003,25.80439809,25.336188349999997,25.54763791,8200,6898490
2019-08-05,25.630707379999997,25.290877730000002,25.068100515,25.494775519999997,7741,9259622
2019-08-06,25.64581092,25.64581092,25.143618215,25.2984295,5412,8693187
2019-08-07,25.796846319999997,25.72132862,25.200256489999997,25.38905074,7554,10009626
2019-08-08,26.083813579999998,26.083813579999998,25.72888039,25.8270534,5046,8429424
2019-08-09,26.117796545,26.083813579999998,25.789294549999997,25.96298526,5547,5947805
2019-08-12,26.110244775,26.03850296,25.883691674999998,25.99319234,3553,2781487
2019-08-13,26.397212035,26.32547022,25.996968224999996,26.02339942,6144,8512464
2019-08-14,26.144227739999998,25.743983930000002,25.69867331,26.1291242,8574,9708808
2019-08-15,26.02339942,25.932778180000003,25.653362689999998,25.796846319999997,7675,6470881
2019-08-16,26.431195,26.408539689999998,25.985640569999997,26.061158269999996,4875,8419981
2019-08-19,26.75592111,26.71816226,26.431195,26.438746769999998,5743,7313971
2019-08-20,26.6577481,26.416091459999997,26.3556773,26.62754102,5253,5366511
2019-08-21,26.61998925,26.552023319999996,26.412315575,26.55957509,5642,6339372
2019-08-22,26.8087835,26.72571403,26.49160916,26.62754102,4446,5253012
2019-08-23,26.759696995000002,26.29526314,26.163107165000003,26.6577481,9198,11360967
2019-08-26,26.53691978,26.37833261,26.21219367,26.40098792,4681,6491159
2019-08-27,26.431195,26.219745439999997,26.15177951,26.431195,5694,8052432
2019-08-28,26.416091459999997,26.40098792,26.080037694999998,26.219745439999997,4337,8512016
2019-08-29,26.67285164,26.544471549999997,26.47650562,26.521816239999996,4738,5901509
2019-08-30,26.695506950000002,26.62754102,26.49160916,26.55957509,4590,7629133
2019-09-03,26.721938145,26.71816226,26.370780840000002,26.5067127,5007,5283007
2019-09-04,27.046664255,26.97492244,26.767248765,26.846542349999996,3920,4971729
2019-09-05,27.171268459999997,27.10330253,26.997577749999998,27.1108543,4615,5399276
2019-09-06,27.462011605,27.37516625,27.13350961,27.148613150000003,5029,7367097
2019-09-09,28.79489901,27.782961829999998,27.726323555,28.50793175,16285,17837232
2019-09-10,28.484521263,28.379551659999997,27.918893689999997,28.085032629999997,9401,9920272
2019-09-11,29.26310875,29.25555698,28.48527644,28.658967150000002,10817,11283520
2019-09-12,29.047883305000003,28.983693260000003,28.492828209999995,28.94593441,9298,10206820
2019-09-13,28.953486180000002,28.62876007,28.50037998,28.696725999999998,6742,11185411
2019-09-16,28.568345909999998,28.17565387,28.028394355,28.515483519999997,7513,10555536
2019-09-17,28.13034325,28.062377319999996,27.786737715,27.941549,6337,8552402
2019-09-18,27.918893689999997,27.760306519999997,27.5639605,27.75275475,6851,7338237
2019-09-19,28.107687939999998,28.054825549999997,27.85092776,27.941549,5860,7754747
2019-09-20,28.704277769999997,28.62876007,28.081256745,28.17565387,9253,44923058
2019-09-23,28.579673565,28.3946552,28.304033959999998,28.41731051,5593,5664451
2019-09-24,28.57589768,28.228516260000003,28.198309180000003,28.538138829999998,8903,8550971
2019-09-25,28.360672235,28.228516260000003,28.12279148,28.1681021,5199,7176660
2019-09-26,28.28137865,28.228516260000003,28.085032629999997,28.18320564,4436,6588692
2019-09-27,28.48527644,28.26627511,28.077480859999998,28.43241405,5621,5956391
2019-09-30,28.63631184,28.57589768,28.34179281,28.387103430000003,4515,8640860
2019-10-01,28.658967150000002,28.251171569999997,28.224740375,28.658967150000002,5493,5435088
2019-10-02,28.20586095,28.00196316,27.88113484,28.20586095,6084,6591329
2019-10-03,28.092584400000003,28.085032629999997,27.69234059,27.941549,5956,4802670
2019-10-04,28.334241040000002,28.32668927,28.039722010000002,28.092584400000003,4237,6508880
2019-10-07,28.598552989999998,28.439965819999998,28.34179281,28.37199989,5601,6151789
2019-10-08,28.4701729,28.304033959999998,28.229271437,28.43241405,7830,7089216
2019-10-09,28.04727378,27.979307849999998,27.85847953,28.00196316,6390,6647578
2019-10-10,28.353120465,28.25872334,27.926445459999997,27.941549,4973,6091434
2019-10-11,28.538138829999998,28.379551659999997,28.29648219,28.402206969999998,8209,8197402
2019-10-14,28.45506936,28.29648219,28.17565387,28.379551659999997,3525,6477951
2019-10-15,28.745812504999996,28.6212083,28.25872334,28.28893042,4327,5740635
2019-10-16,28.692950115,28.538138829999998,28.4701729,28.6212083,4898,7377828
2019-10-17,28.587225334999996,28.55324237,28.405982855,28.545690599999997,4124,7464558
2019-10-18,29.093193924999998,29.05165919,28.538138829999998,28.55324237,5378,12706963
2019-10-21,29.164935739999997,28.870416709999997,28.847761400000003,29.01390034,4363,9908592
2019-10-22,28.96858972,28.825106090000002,28.402206969999998,28.568345909999998,4837,4529466
2019-10-23,28.80245078,28.50037998,28.41731051,28.696725999999998,5031,5503265
2019-10-24,28.50037998,27.80561714,27.59416758,28.50037998,8495,9667907
2019-10-25,28.069929090000002,27.87358307,27.733875325,27.88113484,5955,9220461
2019-10-28,29.34617822,29.06676273,28.681622459999996,28.9232791,16490,14667705
2019-10-29,29.03655565,28.74203662,28.685398345,29.03655565,5862,6578968
2019-10-30,29.34617822,28.847761400000003,28.783571355,28.96103795,7575,8120697
2019-10-31,29.06676273,29.06676273,28.60610476,28.847761400000003,5234,14353491
2019-11-01,29.455678885,29.414144150000002,29.259332864999998,29.451902999999998,5878,9061420
2019-11-04,29.82193973,29.36883353,29.349954105000002,29.49721362,5199,8230635
2019-11-05,29.682231984999998,29.58028309,29.300867599999997,29.308419370000003,4880,6690607
2019-11-06,29.659576674999997,29.64069725,29.444351230000002,29.625593709999997,4606,5538190
2019-11-07,29.889905659999997,29.76907734,29.64069725,29.64069725,5852,6777703
2019-11-08,29.772853225,29.738870260000002,29.51986893,29.708663180000002,3900,4957868
2019-11-11,29.738870260000002,29.731318489999996,29.602938400000003,29.625593709999997,3492,3190140
2019-11-12,29.814387959999998,29.58028309,29.508541275000002,29.753973799999997,4077,3711929
2019-11-13,29.68600787,29.572731319999995,29.489661849999997,29.58028309,4690,4426147
2019-11-14,29.51231716,29.414144150000002,29.221574014999998,29.414144150000002,4029,7647842
2019-11-15,29.8294915,29.8294915,29.49721362,29.58028309,4519,11662775
2019-11-18,29.976751015,29.927664510000003,29.61049017,29.64069725,4184,6359461
2019-11-19,29.39904061,28.696725999999998,28.228516260000003,29.39148884,13333,12352080
2019-11-20,28.402206969999998,28.077480859999998,27.488442799999998,28.12279148,13807,14410466
2019-11-21,28.4701729,28.3946552,27.97175608,27.98685962,6557,10228050
2019-11-22,28.64386361,28.50793175,28.46262113,28.515483519999997,4193,4817034
2019-11-25,28.598552989999998,28.13789502,28.085032629999997,28.598552989999998,5385,6479547
2019-11-26,28.26627511,28.243619799999998,27.768613467,28.10013617,7960,23459497
2019-11-27,28.56079414,28.439965819999998,28.25872334,28.25872334,4030,4000342
2019-11-29,28.66651892,28.228516260000003,28.213412719999997,28.50037998,3053,4223110
2019-12-02,28.304033959999998,28.18320564,28.12279148,28.273826879999998,5136,6752751
2019-12-03,28.356896349999996,28.356896349999996,27.87358307,28.10013617,4811,4890736
2019-12-04,28.96858972,28.7722437,28.32668927,28.379551659999997,6554,10000730
2019-12-05,28.96103795,28.840209629999997,28.711829540000004,28.7722437,4145,4630030
2019-12-06,29.130952775,28.847761400000003,28.798674894999998,28.93083087,4285,5031838
2019-12-09,29.017676225,28.72693308,28.71938131,28.77979547,4345,5769360
2019-12-10,28.90062379,28.74203662,28.57589768,28.71938131,4275,5548551
2019-12-11,28.88552025,28.825106090000002,28.700501885,28.74203662,4399,4224669
2019-12-12,29.119625120000002,28.96103795,28.847761400000003,28.847761400000003,5866,5755153
2019-12-13,28.90062379,28.893072019999998,28.66651892,28.847761400000003,5369,7314684
2019-12-16,29.187591049999998,29.142280430000003,28.983693260000003,28.983693260000003,3912,7210962
2019-12-17,29.221574014999998,29.0743145,29.03655565,29.149832200000002,4504,8939590
2019-12-18,29.395264724999997,29.25555698,29.149832200000002,29.157383969999998,4957,7690970
2019-12-19,29.39904061,29.39904061,29.195142819999997,29.293315829999997,4023,8041505
2019-12-20,29.595386629999997,29.56517955,29.36883353,29.58783486,5580,22533470
2019-12-23,29.77662911,29.50476539,29.482110079999998,29.64069725,4129,9372744
2019-12-24,29.54252424,29.42169592,29.3763853,29.54252424,2428,2210693
2019-12-26,29.599162515,29.572731319999995,29.436799459999996,29.451902999999998,2488,6373159
2019-12-27,29.719990834999997,29.63314548,29.602938400000003,29.648249019999998,3300,4186120
2019-12-30,29.66335256,29.482110079999998,29.440575345,29.63314548,4529,4136720
2019-12-31,29.53497247,29.51231716,29.353729989999998,29.467006540000003,3526,6282605
2020-01-02,29.61049017,29.34617822,29.236677555000004,29.56517955,5612,7301130
2020-01-03,29.602938400000003,29.49721362,29.12717689,29.134728659999997,7090,6048687
2020-01-06,29.56517955,29.5274207,29.319747025,29.436799459999996,6927,8539536
2020-01-07,29.6784561,29.64069725,29.436799459999996,29.489661849999997,6688,7328965
2020-01-08,29.86725035,29.731318489999996,29.6784561,29.6784561,7303,10993080
2020-01-09,29.451902999999998,29.300867599999997,29.115849235,29.34617822,7412,9677519
2020-01-10,29.414144150000002,29.12717689,29.12717689,29.31597114,5557,5706859
2020-01-13,29.10452158,28.7722437,28.711829540000004,29.08941804,7144,7555257
2020-01-14,28.832657859999998,28.76469193,28.658967150000002,28.74958839,6289,6376481
2020-01-15,28.711829540000004,28.598552989999998,28.538138829999998,28.674070689999997,6248,7327096
2020-01-16,28.78734724,28.71938131,28.523035290000003,28.689174230000003,7106,5995573
2020-01-17,29.02145211,28.983693260000003,28.685398345,28.74203662,6130,11890024
2020-01-21,29.176263395,29.08941804,28.832657859999998,28.976141489999996,6818,15857729
2020-01-22,29.553851894999998,29.482110079999998,29.187591049999998,29.21779813,6609,9044051
2020-01-23,29.440575345,29.17248751,29.112073349999996,29.383937069999998,7438,9087900
2020-01-24,29.278967467,29.0743145,28.874192595,29.10452158,7037,10222559
2020-01-27,29.123401004999998,28.88552025,28.704277769999997,28.704277769999997,7999,11803363
2020-01-28,29.300867599999997,29.134728659999997,28.91572733,28.9232791,7010,7123063
2020-01-29,29.112073349999996,27.979307849999998,27.960428425,28.953486180000002,18903,13492587
2020-01-30,28.28137865,28.26627511,27.42802864,27.54130519,13553,12203451
2020-01-31,28.515483519999997,28.409758739999997,28.14544679,28.1681021,10834,12979933
2020-02-03,28.674070689999997,27.91134192,27.790513599999997,28.674070689999997,9816,9765778
2020-02-04,28.496604095,28.41731051,27.896238379999996,27.926445459999997,8330,6974265
2020-02-05,28.655191265,28.55324237,28.34179281,28.4701729,7399,6119362
2020-02-06,29.055435075000002,29.029003879999998,28.647639495,28.65141538,7202,5518128
2020-02-07,29.23290167,29.03655565,28.96858972,29.0743145,5319,6272134
2020-02-10,29.10452158,28.953486180000002,28.776019584999997,29.059210959999998,5001,4812336
2020-02-11,29.312195255,28.825106090000002,28.6212083,29.029003879999998,9668,6223937
2020-02-12,28.93838264,28.72693308,28.71938131,28.81000255,6657,7145788
2020-02-13,29.017676225,28.93083087,28.60610476,28.61365653,5368,8123109
2020-02-14,29.05165919,28.88552025,28.77979547,28.93083087,4955,6346522
2020-02-18,28.934606754999997,28.893072019999998,28.72693308,28.85531317,5340,8249884
2020-02-19,29.187591049999998,29.029003879999998,28.821330205,28.893072019999998,5496,5917261
2020-02-20,29.20269459,29.157383969999998,28.93083087,28.96858972,6804,4822795
2020-02-21,29.21024636,29.112073349999996,28.976141489999996,29.08186627,5928,9911984
2020-02-24,29.08186627,28.734484849999998,28.689174230000003,28.696725999999998,9123,8974290
2020-02-25,28.90817556,28.20586095,28.14544679,28.80245078,15309,13404217
2020-02-26,28.530587060000002,28.0170667,27.88113484,28.092584400000003,12619,10515988
2020-02-27,27.87358307,26.982474209999996,26.703058719999998,27.67723705,24552,18944206
2020-02-28,26.971146555,26.59733394,24.92839277,25.71377685,49085,34400091
2020-03-02,28.254947455,28.077480859999998,26.680403409999997,26.72571403,26898,17171049
2020-03-03,28.66651892,27.4129251,27.091974875,28.054825549999997,44061,16737894
2020-03-04,28.859089055000002,28.832657859999998,27.73009944,27.918893689999997,16377,9492185
2020-03-05,28.63631184,28.077480859999998,27.926445459999997,28.198309180000003,19703,13626711
2020-03-06,28.13034325,27.96420431,27.322303859999998,27.73009944,22844,14283789
2020-03-09,27.299648549999997,26.19709013,25.96298526,26.544471549999997,37618,15414703
2020-03-10,27.10330253,27.07309545,25.86481225,26.75592111,31855,14305672
2020-03-11,26.48405739,26.068710040000003,25.800622205,26.33302199,23517,10674975
2020-03-12,25.23801534,23.659695409999998,23.45579762,24.165664,43130,18689417
2020-03-13,26.13667597,26.03095119,24.056163335,24.920841,30113,15076685
2020-03-16,25.59294853,24.022180369999997,23.35007284,23.410487,35467,15681679
2020-03-17,25.72132862,25.479671980000003,24.17321577,24.43752772,50471,15846954
2020-03-18,24.852875069999996,24.80756445,22.85165602,24.21097462,50037,16049789
2020-03-19,24.535700730000002,23.523763549999998,23.032898499999998,23.72766134,35845,13321296
2020-03-20,22.82900071,21.48478565,21.2959914,22.82144894,68479,31123806
2020-03-23,20.92595467,20.21608829,19.695016159999998,20.51060732,61609,19681017
2020-03-24,21.367733215,21.21292193,20.276502450000002,21.144956,38833,16045240
2020-03-25,22.59489584,21.4470268,20.676746259999998,21.205370159999998,43733,17057220
2020-03-26,23.37272815,23.1084162,21.658476359999998,21.658476359999998,39061,17702647
2020-03-27,23.270779255,22.53448168,22.07382371,22.42120513,27289,12517109
2020-03-30,22.9573808,22.82900071,22.27016973,22.647758229999997,25121,10655951
2020-03-31,22.7308277,22.01340955,21.93789185,22.68551708,19061,28676334
2020-04-01,21.57540689,21.18271485,20.9184029,21.19781839,23472,15814752
2020-04-02,21.798184104999997,21.718890520000002,21.144956,21.144956,19159,7438270
2020-04-03,21.69623521,20.73716042,20.578573249999998,21.54519981,19452,11118754
2020-04-06,22.413653359999998,22.23241088,21.37906087,21.41681972,16697,12573932
2020-04-07,23.38027992,22.715724159999997,22.70817239,22.92717372,22247,12409772
2020-04-08,22.64020646,22.57224053,21.9756507,22.61755115,18826,9632677
2020-04-09,23.361400494999998,23.20658921,22.647758229999997,22.65531,19092,12530040
2020-04-13,23.19148567,22.798793630000002,22.579792299999998,23.04800204,13727,7738136
2020-04-14,23.527539435,23.50866001,22.92717372,23.17638213,11168,8399972
2020-04-15,23.37272815,22.72327593,22.628878805,23.131071509999998,11870,8300662
2020-04-16,22.866759560000002,22.77613832,22.432532785,22.85920779,10789,7981653
2020-04-17,23.59928125,23.58417771,23.202813325,23.2594516,11274,9171735
2020-04-20,23.72766134,23.39538346,23.187709785,23.29721045,11430,7300483
2020-04-21,23.032898499999998,22.55713699,22.38344628,23.032898499999998,16582,10608386
2020-04-22,23.334969299999997,22.255066189999997,22.13423787,23.334969299999997,22409,12157770
2020-04-23,22.69306885,22.2777215,22.15689318,22.20975557,14417,7475535
2020-04-24,22.61755115,22.43630867,22.01340955,22.27016973,11735,7964242
2020-04-27,23.168830359999998,23.06310558,22.45896398,22.58734407,9843,7570181
2020-04-28,23.497332354999998,23.14617505,23.12351974,23.410487,11154,7226238
2020-04-29,24.05993922,23.73521311,23.47845293,23.50110824,13485,8302490
2020-04-30,23.44824585,23.010243189999997,22.866759560000002,23.410487,12744,11594546
2020-05-01,23.24434806,22.579792299999998,22.46651575,23.23679629,14236,9091883
2020-05-04,22.4287569,22.3532392,22.070047825,22.37589451,10120,6445025
2020-05-05,22.79124186,22.45896398,22.443860439999998,22.45896398,8134,5580522
2020-05-06,22.55713699,21.74154583,21.74154583,22.45896398,10084,9749981
2020-05-07,22.051168399999998,21.81706353,21.77175291,21.99830601,10326,8332475
2020-05-08,22.54203345,22.49672283,22.05872017,22.13423787,7116,6049938
2020-05-11,22.39099805,22.187100259999998,22.017185435000002,22.39099805,8760,7553963
2020-05-12,22.39854982,21.81706353,21.81706353,22.2777215,8386,8321157
2020-05-13,21.7490976,21.21292193,21.144956,21.7490976,14813,11072654
2020-05-14,21.59051043,21.58295866,20.85043697,21.144956,14119,9808904
2020-05-15,21.48478565,21.37906087,21.201594274999998,21.35640556,10541,7525777
2020-05-18,22.42120513,22.23996265,21.85482238,21.88502946,8346,7631184
2020-05-19,22.27016973,21.86992592,21.83216707,22.24751442,11556,7253158
2020-05-20,22.511826369999998,22.345687429999998,21.90768477,21.9756507,10336,8590950
2020-05-21,22.699865443,22.481619289999998,22.30037681,22.49672283,10068,9763016
2020-05-22,22.58734407,22.56468876,22.22485911,22.48917106,7367,5392200
2020-05-26,23.493556469999998,23.27455514,23.09331266,23.100864429999998,9430,9046720
2020-05-27,24.14300869,24.05238745,23.818282579999998,23.96931798,12026,8107884
2020-05-28,24.21097462,23.45579762,23.39538346,24.165664,11048,9850044
2020-05-29,23.38027992,23.30476222,22.91207018,23.1084162,12648,14596301
2020-06-01,23.591729479999998,23.35762461,23.112192085,23.25189983,7921,5648890
2020-06-02,23.47845293,23.402935229999997,23.195261555,23.38783169,8223,7690325
2020-06-03,23.90135205,23.79562727,23.629488329999997,23.6370401,7466,6002421
2020-06-04,24.0146286,24.0146286,23.625712445,23.697454259999997,8606,7728983
2020-06-05,24.917065114999996,24.74715029,24.33935471,24.573459579999998,12376,11025022
2020-06-08,25.10208348,25.09453171,24.686736129999996,24.920841,8737,8283289
2020-06-09,24.81511622,24.63387374,24.431486303999996,24.769805599999998,9720,7668774
2020-06-10,24.63387374,24.27138878,24.248733469999998,24.59611489,10222,6274523
2020-06-11,23.65214364,22.78369009,22.74593124,23.54641886,16274,10860703
2020-06-12,23.470901159999997,23.032898499999998,22.66286177,23.410487,15348,9034484
2020-06-15,23.142399165,23.032898499999998,22.30037681,22.60999938,15876,9418348
2020-06-16,23.75786842,23.24434806,22.93472549,23.72766134,18049,10899689
2020-06-17,23.2594516,22.85165602,22.81389717,23.24434806,10514,7901031
2020-06-18,22.961156685,22.91962195,22.621327034999997,22.65531,8733,7461448
2020-06-19,23.217916865,22.88941487,22.643982344999998,23.199037439999998,11269,34255041
2020-06-22,22.874311329999998,22.738379469999998,22.659085885,22.74593124,8024,7853825
2020-06-23,23.161278590000002,22.84410425,22.806345399999998,22.8818631,7964,9920452
2020-06-24,22.65531,22.21730734,22.024737204999997,22.65531,16964,12475220
2020-06-25,22.508050485,22.443860439999998,22.065516763,22.20975557,11825,8318748
2020-06-26,22.319256235,21.960547159999997,21.83971884,22.2777215,13742,29997898
2020-06-29,22.59489584,22.58734407,22.119134329999998,22.149341409999998,8329,7368551
2020-06-30,22.908294295,22.82900071,22.43630867,22.65531,10696,14581146
2020-07-01,23.014019075,22.579792299999998,22.54958522,22.72327593,8585,7232470
2020-07-02,23.032898499999998,22.715724159999997,22.67041354,22.74593124,10387,10197905
2020-07-06,23.1084162,23.02534673,22.840328365,23.04045027,9969,7990852
2020-07-07,22.991363765,22.89696664,22.84410425,22.84410425,8232,7207262
2020-07-08,23.06310558,23.00269142,22.76858655,22.97248434,9693,7899353
2020-07-09,22.56468876,22.30792858,22.198427915,22.511826369999998,10836,8981194
2020-07-10,22.82144894,22.75348301,22.23996265,22.255066189999997,8781,7415130
2020-07-13,22.76858655,22.474067520000002,22.387222165,22.76103478,9432,9295709
2020-07-14,22.727051815,22.62510292,22.296600925,22.45141221,9947,7002961
2020-07-15,22.75348301,22.66286177,22.545809335,22.67041354,8415,6627394
2020-07-16,23.032898499999998,22.94982903,22.63265469,22.65531,8458,7687586
2020-07-17,23.04800204,22.84410425,22.795017745,23.010243189999997,5523,6188093
2020-07-20,22.738379469999998,22.54203345,22.5042746,22.7308277,9147,9576964
2020-07-21,22.97248434,22.84410425,22.579792299999998,22.579792299999998,8816,8244725
2020-07-22,22.85920779,22.77613832,22.621327034999997,22.79124186,6964,6765770
2020-07-23,22.715724159999997,22.579792299999998,22.30792858,22.715724159999997,14056,11442563
2020-07-24,22.81389717,22.33058389,22.251290305,22.51937814,9947,7361948
2020-07-27,22.273945615,22.119134329999998,22.062496055,22.255066189999997,8173,7324755
2020-07-28,22.568464645000002,22.42120513,22.051168399999998,22.08892725,7702,6889792
2020-07-29,22.394773935,22.323032119999997,22.138013755,22.39099805,6463,5763240
2020-07-30,22.45141221,22.33058389,22.179548490000002,22.2022038,8026,5477819
2020-07-31,22.364566855,22.33813566,22.10403079,22.27016973,7878,13373177
2020-08-03,22.64020646,22.36834274,22.213531455,22.64020646,9621,11259650
2020-08-04,22.772362435,22.66286177,22.33058389,22.345687429999998,7361,7087569
2020-08-05,22.806345399999998,22.54203345,22.500498715000003,22.76858655,5009,4448394
2020-08-06,22.715724159999997,22.53448168,22.432532785,22.45141221,4992,4272628
2020-08-07,22.696844735,22.67041354,22.33813566,22.4287569,7519,6646237
2020-08-10,22.806345399999998,22.806345399999998,22.643982344999998,22.69306885,8477,7433997
2020-08-11,23.23679629,22.806345399999998,22.738379469999998,22.97248434,8270,6404847
2020-08-12,23.04045027,22.79124186,22.738379469999998,22.98003611,5115,4941589
2020-08-13,22.75348301,22.58734407,22.538257565,22.65531,5669,5621238
2020-08-14,22.76858655,22.66286177,22.481619289999998,22.51937814,5970,5169700
2020-08-17,22.67796531,22.54203345,22.5042746,22.66286177,5068,5420868
2020-08-18,22.598671725,22.49672283,22.481619289999998,22.53448168,4545,4745030
2020-08-19,22.568464645000002,22.45141221,22.413653359999998,22.5042746,5069,5462572
2020-08-20,22.55713699,22.406101590000002,22.2777215,22.31548035,5653,4816257
2020-08-21,22.492946945,22.42120513,22.304152695,22.4287569,4538,6097438
2020-08-24,22.68551708,22.67796531,22.42120513,22.42120513,6327,6388269
2020-08-25,22.757258895,22.579792299999998,22.52692991,22.70817239,4429,4782857
2020-08-26,22.742155354999998,22.647758229999997,22.432532785,22.511826369999998,5612,6079085
2020-08-27,22.78369009,22.579792299999998,22.51937814,22.66286177,5825,5892973
2020-08-28,22.70817239,22.68551708,22.511826369999998,22.579792299999998,5279,5787350
2020-08-31,22.77613832,22.511826369999998,22.5042746,22.65531,7174,11137770
2020-09-01,22.440084555,22.255066189999997,22.14178964,22.43630867,9260,9913931
2020-09-02,22.53448168,22.4287569,22.16444495,22.16444495,7662,7431630
2020-09-03,22.78369009,22.345687429999998,22.21730734,22.579792299999998,12647,9446225
2020-09-04,22.55713699,22.21730734,22.09647902,22.37589451,11498,10861983
2020-09-08,22.345687429999998,22.28527327,21.91523654,22.22485911,13869,11786763
2020-09-09,22.424981015,22.179548490000002,22.179548490000002,22.37589451,7583,6793536
2020-09-10,22.15689318,21.83216707,21.824615299999998,22.14178964,10526,9324206
2020-09-11,21.994530125,21.900133,21.7490976,21.86237415,7963,5735727
2020-09-14,22.122910215,22.00585778,21.900133,21.98320247,5243,6136237
2020-09-15,22.153117295,21.99075424,21.949219505000002,22.02851309,5655,6607707
2020-09-16,22.30037681,22.08137548,21.99830601,21.99830601,6295,6490454
2020-09-17,22.077599595,21.952995389999998,21.86237415,21.9756507,7874,8217497
2020-09-18,22.062496055,21.84727061,21.835942955,21.93789185,6056,18471280
2020-09-21,21.745321715,21.62071751,21.345077905,21.73399406,11173,11335869
2020-09-22,21.843494725,21.53009627,21.465906225,21.5225445,5526,6480935
2020-09-23,21.658476359999998,21.04678299,21.027903565,21.53009627,6656,10462702
2020-09-24,21.337526134999997,21.175163079999997,20.959937635,21.031679450000002,7837,6848431
2020-09-25,21.22802547,21.175163079999997,20.959937635,21.06188653,7573,8906258
2020-09-28,21.635821049999997,21.431923259999998,21.32619848,21.40926795,6229,7181675
2020-09-29,21.4470268,21.3715091,21.24312901,21.35640556,5437,4532667
2020-09-30,21.650924590000002,21.53009627,21.363957329999998,21.43947503,6602,12388497
2020-10-01,21.62826928,21.51499273,21.40926795,21.5225445,6818,7413637
2020-10-02,21.81706353,21.658476359999998,21.31864671,21.33375025,7505,6853476
2020-10-05,21.71133875,21.650924590000002,21.41681972,21.54519981,5170,7161416
2020-10-06,22.017185435000002,21.68113167,21.644127997000002,21.718890520000002,9079,8224910
2020-10-07,21.87747769,21.7490976,21.667538484,21.80951176,7185,8551641
2020-10-08,21.616941625,21.60561397,21.33375025,21.33375025,5856,7365545
2020-10-09,21.658476359999998,21.38661264,21.322422595,21.5980622,6261,6567180
2020-10-12,21.35640556,21.24312901,21.15250777,21.35640556,7818,9213232
2020-10-13,21.239353125,20.95616175,20.90329936,21.144956,7832,11225866
2020-10-14,21.103421265,20.75981573,20.75226396,20.9184029,7807,9760769
2020-10-15,20.72960865,20.72960865,20.47284847,20.62388387,6579,7255622
2020-10-16,20.82022989,20.63898741,20.635211525,20.77491927,5563,7346048
2020-10-19,20.740936304999998,20.29915776,20.25384714,20.72205688,8299,10244000
2020-10-20,20.476624355,20.20853652,20.13301882,20.39733077,9056,8901083
2020-10-21,20.32936484,20.17832944,20.046173465000003,20.18588121,9189,10730689
2020-10-22,21.518768615,21.35640556,20.948609979999997,20.971265289999998,18524,17391872
2020-10-23,21.450802685,21.00902414,20.95616175,21.41681972,8197,9360303
2020-10-26,20.87309228,20.676746259999998,20.461520815,20.87309228,7189,7851369
2020-10-27,20.589900905,20.32936484,20.318037185,20.5408144,6257,6736421
2020-10-28,20.29160599,20.0121905,19.97443165,20.125467049999997,8848,10847193
2020-10-29,20.423761965,20.20853652,19.910241605,19.9366728,10382,10222483
2020-10-30,20.419986079999997,20.40488254,20.159450015,20.193432979999997,10544,15361749
2020-11-02,20.839109314999998,20.646539179999998,20.39733077,20.676746259999998,11043,12102273
2020-11-03,20.990144715,20.73716042,20.6918498,20.7673675,7194,6815180
2020-11-04,20.725832765,20.419986079999997,20.284054219999998,20.49550378,11296,10360320
2020-11-05,21.027903565,20.77491927,20.5408144,20.5408144,8761,8292018
2020-11-06,20.922178785,20.72205688,20.676746259999998,20.7673675,5420,5686152
2020-11-09,21.726442289999998,21.3715091,21.262008435000002,21.567855119999997,17040,16056659
2020-11-10,21.873701805,21.786856450000002,21.5225445,21.59051043,9856,9030481
2020-11-11,21.88502946,21.69623521,21.46968211,21.88502946,6939,9725984
2020-11-12,21.580693129,21.47723388,21.292215515,21.5225445,5969,6638555
2020-11-13,21.888805344999998,21.83216707,21.503665075,21.54519981,4721,6136529
2020-11-16,22.07382371,21.87747769,21.83216707,21.96809893,7667,13764300
2020-11-17,21.997550833000002,21.92278831,21.658476359999998,21.71133875,6456,6073082
2020-11-18,22.024737204999997,21.61316574,21.60561397,21.93789185,5469,5991733
2020-11-19,21.5225445,21.35640556,21.23557724,21.51499273,8648,8308460
2020-11-20,21.46213034,21.38661264,21.265784319999998,21.30354317,6686,7901229
2020-11-23,21.669804015,21.61316574,21.413043835,21.43947503,6498,5366435
2020-11-24,22.228634995,22.07382371,21.83971884,21.84727061,10202,9148418
2020-11-25,22.119134329999998,21.892581229999998,21.828391185,22.119134329999998,4158,6043253
2020-11-27,22.04361663,21.92278831,21.80951176,21.93789185,2818,3564404
2020-11-30,21.90768477,21.71133875,21.6735799,21.786856450000002,7170,12988663
2020-12-01,21.99830601,21.80195999,21.71133875,21.77175291,8083,6994454
2020-12-02,22.04361663,21.96809893,21.737769945,21.77930468,7238,7095550
2020-12-03,22.08137548,22.07382371,21.824615299999998,21.91523654,6431,8054883
2020-12-04,22.470291635,22.30792858,22.141034463,22.16444495,6915,6920579
2020-12-07,22.488415883,22.38344628,22.29282504,22.45896398,5926,5891924
2020-12-08,23.353848725,23.267003369999998,22.2777215,22.2777215,12512,14658323
2020-12-09,24.078818645000002,23.75786842,23.425590539999998,23.43314231,14932,12639563
2020-12-10,23.46334939,23.17638213,23.021570845,23.44824585,10604,11346958
2020-12-11,23.47845293,23.418038770000003,23.00269142,23.010243189999997,7002,6752483
2020-12-14,23.61438479,23.07065735,22.9573808,23.561522399999998,8314,11485915
2020-12-15,23.180158015,23.09331266,22.870535444999998,23.11596797,6787,8894110
2020-12-16,23.089536775,22.874311329999998,22.840328365,23.032898499999998,6953,8303269
2020-12-17,22.66286177,22.36834274,22.311704465000002,22.65531,10401,13780746
2020-12-18,22.409877475000002,22.2022038,22.100254905,22.30792858,9534,29805944
2020-12-21,22.051168399999998,21.90768477,21.71133875,21.900133,9940,10465835
2020-12-22,21.90768477,21.4470268,21.390388525,21.900133,9046,11883369
2020-12-23,21.843494725,21.71133875,21.5225445,21.5225445,7446,9885847
2020-12-24,21.718890520000002,21.66602813,21.5225445,21.69623521,2386,5417316
2020-12-28,21.86237415,21.56030335,21.526320385,21.824615299999998,7146,8309842
2020-12-29,21.80951176,21.55275158,21.53764804,21.66602813,8304,7364948
2020-12-30,21.650924590000002,21.51499273,21.46968211,21.55275158,6820,6681533
2020-12-31,21.745321715,21.718890520000002,21.43947503,21.48478565,6545,9029874
2021-01-04,22.26261796,22.23241088,21.919012425,22.179548490000002,12916,18595116
2021-01-05,22.462739865,22.09647902,22.051168399999998,22.2777215,11210,15115043
2021-01-06,22.651534115,22.52692991,22.175772605,22.20975557,11307,11133680
2021-01-07,22.719500045,22.58734407,22.42120513,22.67041354,8495,13179840
2021-01-08,22.051168399999998,21.91523654,21.715114635,21.960547159999997,10060,11113820
2021-01-11,21.90768477,21.80195999,21.662252244999998,21.703786979999997,6871,6814783
2021-01-12,21.80195999,21.71133875,21.53009627,21.80195999,7529,9301848
2021-01-13,21.74154583,21.60561397,21.50744096,21.703786979999997,5910,8550447
2021-01-14,22.477843405,22.119134329999998,21.55275158,21.635821049999997,11819,10975000
2021-01-15,22.111582560000002,22.02851309,21.786856450000002,21.88502946,7906,10603309
2021-01-19,22.183324374999998,21.86237415,21.828391185,22.119134329999998,6478,8856559
2021-01-20,21.900133,21.86992592,21.703786979999997,21.88502946,6149,7853366
2021-01-21,21.952995389999998,21.77175291,21.726442289999998,21.83216707,5946,6426983
2021-01-22,21.93789185,21.84727061,21.58295866,21.71133875,8280,8281127
2021-01-25,22.032288975,21.98320247,21.51499273,21.66602813,9720,14252386
2021-01-26,22.530705795,22.46651575,21.952995389999998,21.98320247,9906,8983508
2021-01-27,22.799548806999997,22.00585778,21.892581229999998,21.900133,26381,12970760
2021-01-28,22.43630867,21.7490976,21.73399406,21.96809893,18554,10980292
2021-01-29,21.93034008,21.62071751,21.57540689,21.71133875,12955,17158835
2021-02-01,21.85482238,21.635821049999997,21.397940295,21.85482238,13282,11074814
2021-02-02,21.760425255,21.55275158,21.431923259999998,21.658476359999998,8857,8843167
2021-02-03,21.669804015,21.53009627,21.488561535,21.5225445,6986,11526116
2021-02-04,21.81706353,21.81706353,21.496113304999998,21.53009627,6908,6897634
2021-02-05,21.952995389999998,21.84727061,21.795163397,21.93789185,5618,5620665
2021-02-08,21.88502946,21.726442289999998,21.616941625,21.86992592,5635,7238858
2021-02-09,21.73399406,21.61316574,21.571631005,21.66602813,5759,7689706
2021-02-10,21.635821049999997,21.56030335,21.50744096,21.61316574,7088,8629105
2021-02-11,21.6735799,21.66602813,21.492337420000002,21.5225445,7722,7564297
2021-02-12,21.775528795,21.7490976,21.5980622,21.5980622,6528,6986849
2021-02-16,22.032288975,21.87747769,21.700011095,21.7490976,7813,8075561
2021-02-17,22.45896398,22.33058389,21.752873485,21.77175291,11214,9869257
2021-02-18,22.33058389,22.07382371,22.05872017,22.33058389,7091,5750457
2021-02-19,22.149341409999998,21.900133,21.88502946,22.1266861,7586,8227722
2021-02-22,22.326808005,22.14178964,21.92278831,21.92278831,9098,8244796
2021-02-23,22.508050485,22.03606486,21.986978354999998,22.481619289999998,14184,11214232
2021-02-24,22.341911545,22.187100259999998,22.051168399999998,22.07382371,9610,8543590
2021-02-25,22.09647902,21.62071751,21.594286314999998,22.02096132,13131,12268909
2021-02-26,21.73399406,21.06188653,21.06188653,21.62071751,14014,19544928
2021-03-01,21.481009765,21.21292193,21.16005954,21.27333609,10062,8550212
2021-03-02,21.492337420000002,21.31109494,21.2204737,21.2204737,8221,9192146
2021-03-03,21.843494725,21.68868344,21.292215515,21.2959914,10938,13257821
2021-03-04,22.14178964,21.83971884,21.639596935,21.84727061,16118,13813690
2021-03-05,22.455188095,22.36834274,21.900133,21.900133,15163,13691926
2021-03-08,22.946053145,22.647758229999997,22.218817694,22.31548035,12348,13346715
2021-03-09,22.757258895,22.38344628,22.36079097,22.58734407,9613,10499692
2021-03-10,22.76858655,22.647758229999997,22.33058389,22.60999938,12788,10722437
2021-03-11,22.65531,22.30792858,22.281497384999998,22.58734407,8854,7693627
2021-03-12,23.30476222,22.511826369999998,22.443860439999998,22.61755115,16606,13146014
2021-03-15,22.704396505000002,22.60244761,22.417429244999997,22.59489584,8911,8398566
2021-03-16,22.681741195,22.647758229999997,22.443860439999998,22.443860439999998,7300,9721798
2021-03-17,22.82900071,22.76858655,22.511826369999998,22.738379469999998,7936,8569294
2021-03-18,23.032898499999998,22.66286177,22.647758229999997,22.70817239,7198,6704285
2021-03-19,22.70062062,22.474067520000002,22.369097916999998,22.66286177,7500,33320151
2021-03-22,22.659085885,22.647758229999997,22.345687429999998,22.474067520000002,6479,8682955
2021-03-23,22.855431905,22.65531,22.511826369999998,22.58734407,7801,8874858
2021-03-24,22.870535444999998,22.647758229999997,22.64020646,22.64020646,8702,6835379
2021-03-25,22.79124186,22.715724159999997,22.511826369999998,22.74593124,7501,8072808
2021-03-26,23.104640314999997,22.88941487,22.711948274999997,22.84410425,11942,16547547
2021-03-29,23.139378457,23.07820912,22.82900071,22.89696664,6989,8763327
2021-03-30,23.21414098,23.20658921,22.953604915,23.1084162,6991,8526819
2021-03-31,23.142399165,22.85920779,22.810121284999997,23.1084162,8819,13412988
2021-04-01,23.010243189999997,23.010243189999997,22.681741195,22.79124186,6810,6302589
2021-04-05,23.285882795,23.19148567,23.1084162,23.1084162,6070,8891945
2021-04-06,23.39538346,23.39538346,23.17638213,23.1839339,5629,7250807
2021-04-07,23.519987665,23.35762461,23.263227484999998,23.410487,6111,8135482
2021-04-08,22.874311329999998,22.65531,22.603202787,22.82144894,6223,8506796
2021-04-09,22.795017745,22.68551708,22.591119955,22.65531,5357,6567840
2021-04-12,22.76858655,22.62510292,22.583568185,22.67041354,4291,6522740
2021-04-13,22.494457299,22.37589451,22.28527327,22.48917106,6913,9825892
2021-04-14,22.500498715000003,22.45141221,22.13423787,22.33058389,6550,7108407
2021-04-15,22.53448168,22.46651575,22.417429244999997,22.46651575,4501,5867953
2021-04-16,22.674189424999998,22.61755115,22.53448168,22.58734407,5588,8802088
2021-04-19,22.70817239,22.647758229999997,22.51937814,22.67041354,5176,5871084
2021-04-20,22.666637655,22.57224053,22.54203345,22.60244761,5008,5850330
2021-04-21,22.832776595,22.738379469999998,22.591119955,22.60999938,7199,7587000
2021-04-22,24.07504276,23.68235072,23.523763549999998,23.61438479,25978,20439463
2021-04-23,23.942886785,23.7125578,23.7125578,23.788075499999998,8716,10141522
2021-04-26,23.68990249,23.34252107,23.32741753,23.68990249,5421,9629186
2021-04-27,23.31986576,23.23679629,23.131071509999998,23.2594516,6793,6862665
2021-04-28,23.523763549999998,23.38027992,23.334969299999997,23.410487,5882,7176566
2021-04-29,23.80317904,23.66724718,23.50866001,23.51621178,8309,8931130
2021-04-30,23.72766134,23.720109569999998,23.44824585,23.720109569999998,5406,9270222
2021-05-03,24.04483568,23.788075499999998,23.761644305,23.99197329,6905,10522932
2021-05-04,24.21852639,24.18076754,23.829610235,23.87869674,9614,11221394
2021-05-05,24.29404409,24.18831931,24.025956255,24.165664,5863,7917689
2021-05-06,24.475286569999998,24.475286569999998,24.146784575,24.21097462,5954,6299926
2021-05-07,24.43752772,24.286492319999997,24.21852639,24.3166994,5487,6946438
2021-05-10,24.845323299999997,24.64142551,24.37711356,24.414872409999997,7974,10176740
2021-05-11,24.664080819999995,24.36201002,24.229854045,24.581011349999997,9422,7853672
2021-05-12,24.38466533,24.14300869,24.112801609999998,24.278940549999998,8265,7905146
2021-05-13,24.433751835,24.32425117,23.90890382,23.97686975,7438,6602027
2021-05-14,24.581011349999997,24.34690648,24.33935471,24.414872409999997,5458,4867628
2021-05-17,25.585396760000002,23.68990249,23.591729479999998,25.27577419,37076,28155970
2021-05-18,22.65531,22.31548035,21.81706353,22.579792299999998,41169,42392879
2021-05-19,22.032288975,21.86992592,21.654700475,21.900133,22652,27834168
2021-05-20,22.424981015,22.38344628,21.83216707,21.86992592,13602,15648129
2021-05-21,22.832776595,22.66286177,22.54958522,22.65531,13975,15903977
2021-05-24,22.772362435,22.46651575,22.455188095,22.70817239,7428,10918270
2021-05-25,22.45896398,22.29282504,22.077599595,22.45141221,12998,12710778
2021-05-26,22.379670395,22.31548035,22.187100259999998,22.26261796,7734,6186683
2021-05-27,22.579792299999998,22.43630867,22.33058389,22.45141221,8262,18930629
2021-05-28,22.4287569,22.22485911,22.183324374999998,22.42120513,6148,11478708
2021-06-01,22.29282504,22.14178964,22.070047825,22.23996265,7010,8805046
2021-06-02,22.37589451,22.36079097,22.01340955,22.119134329999998,8317,8239155
2021-06-03,22.323032119999997,22.07382371,22.044371806999997,22.2022038,7617,9462002
2021-06-04,22.153117295,22.10403079,22.04361663,22.08137548,7104,7648936
2021-06-07,22.14178964,21.960547159999997,21.90768477,22.1266861,6091,7007375
2021-06-08,21.926564195,21.88502946,21.69623521,21.900133,9050,12902062
2021-06-09,22.03606486,21.90768477,21.81706353,21.84727061,6028,7339387
2021-06-10,22.119134329999998,22.03606486,21.900133,21.900133,6265,9914942
2021-06-11,22.16444495,22.14178964,21.99830601,22.07382371,4499,8361385
2021-06-14,22.10403079,21.96809893,21.86992592,22.07382371,5782,7008080
2021-06-15,22.122910215,22.111582560000002,21.93034008,21.960547159999997,5123,7480563
2021-06-16,22.153117295,21.94544362,21.892581229999998,22.1266861,6581,7492562
2021-06-17,22.009633665,21.703786979999997,21.68113167,21.90768477,7521,9482304
2021-06-18,21.722666405000002,21.635821049999997,21.45457857,21.57540689,8012,29006474
2021-06-21,21.858598265,21.84727061,21.652434944,21.6735799,5616,12323073
2021-06-22,21.892581229999998,21.73399406,21.726442289999998,21.88502946,6198,9551977
2021-06-23,21.83971884,21.635821049999997,21.635821049999997,21.7490976,4637,6943866
2021-06-24,21.77930468,21.74154583,21.609389855,21.635821049999997,5361,7518451
2021-06-25,21.858598265,21.81706353,21.647148705,21.68113167,4601,8234028
2021-06-28,21.820839415,21.73399406,21.713604281,21.80951176,5089,7124577
2021-06-29,21.926564195,21.64337282,21.639596935,21.73399406,5357,8523035
2021-06-30,21.794408219999998,21.73399406,21.635821049999997,21.64337282,5489,9529883
2021-07-01,22.064761586,21.98320247,21.813287645,21.83971884,5214,6425141
2021-07-02,22.160669065,22.07382371,21.9756507,21.98320247,4968,6469802
2021-07-06,22.145565525,21.91523654,21.866150034999997,22.09647902,7632,10123676
2021-07-07,21.94544362,21.84727061,21.798184104999997,21.900133,5762,7962594
2021-07-08,21.420595605,21.28088786,21.216697815,21.34885379,7627,9198984
2021-07-09,21.548975695,21.48478565,21.337526134999997,21.34885379,7385,9792715
2021-07-12,21.579182775,21.50744096,21.32619848,21.3715091,5651,8967872
2021-07-13,21.609389855,21.34885379,21.31109494,21.50744096,5799,6512266
2021-07-14,21.413043835,21.34130202,21.265784319999998,21.32619848,6891,6929530
2021-07-15,21.518768615,21.46968211,21.30354317,21.32619848,6070,6903399
2021-07-16,21.616941625,21.40171618,21.3715091,21.55275158,5350,6919145
2021-07-19,21.2959914,20.98636883,20.771143385,21.21292193,12685,13860835
2021-07-20,21.28088786,21.07699007,20.880644049999997,20.880644049999997,7231,8650685
2021-07-21,21.363957329999998,21.069438299999998,21.031679450000002,21.205370159999998,8349,7857315
2021-07-22,21.37906087,21.15250777,20.952385865,21.3715091,9713,8990783
2021-07-23,21.299767284999998,21.25823255,21.099645380000002,21.137404229999998,6315,6806164
2021-07-26,21.322422595,21.28088786,21.156283655,21.2204737,6866,9713209
2021-07-27,21.43947503,21.2959914,21.058110645,21.137404229999998,7861,8644985
2021-07-28,21.360181445,21.15250777,21.039231219999998,21.265784319999998,7285,7953948
2021-07-29,21.481009765,21.363957329999998,21.25068078,21.25823255,6624,7659909
2021-07-30,21.4470268,21.18271485,21.15250777,21.4470268,6316,14985345
2021-08-02,21.556527465000002,21.22802547,21.16761131,21.35640556,6748,7643894
2021-08-03,21.329974365,21.28843963,21.07699007,21.25823255,6808,5791237
2021-08-04,21.23557724,21.031679450000002,21.005248255,21.144956,5044,6599983
2021-08-05,21.15250777,21.099645380000002,21.039231219999998,21.069438299999998,3871,4410467
2021-08-06,21.21292193,21.11474892,21.092848787,21.107197149999998,4690,6082498
2021-08-09,21.144956,21.031679450000002,21.00147237,21.144956,4858,4634020
2021-08-10,21.224249585,21.21292193,20.975041174999998,20.9939206,5233,5774412
2021-08-11,21.31109494,21.265784319999998,21.163835425,21.25068078,5032,5127191
2021-08-12,21.307319055,21.16005954,21.107197149999998,21.2959914,4498,3868642
2021-08-13,21.337526134999997,21.28843963,21.144956,21.144956,5171,5658662
2021-08-16,21.360181445,21.2959914,21.12985246,21.24312901,4360,6093815
2021-08-17,21.34130202,21.28843963,21.16005954,21.2204737,5106,4957395
2021-08-18,21.2204737,21.016575909999997,20.9939206,21.2204737,3779,6061173
2021-08-19,21.027903565,20.79002281,20.7673675,20.9939206,6423,7818080
2021-08-20,21.020351795,20.82022989,20.71450511,20.7673675,5550,7789697
2021-08-23,20.93350644,20.78247104,20.7673675,20.88819582,4510,5458530
2021-08-24,20.801350465000002,20.72960865,20.672970375,20.78247104,4676,5785183
2021-08-25,20.781715863,20.71450511,20.646539179999998,20.72960865,4565,5492854
2021-08-26,20.703177455,20.40488254,20.40488254,20.68429803,5023,7083021
2021-08-27,20.53326263,20.487952009999997,20.29915776,20.389779,6582,8054559
2021-08-30,20.6163321,20.56346971,20.42753785,20.57102148,5198,7272431
2021-08-31,20.75981573,20.706953340000002,20.481155417,20.51815909,4718,10413235
2021-09-01,20.73716042,20.53326263,20.49550378,20.706953340000002,4912,5816641
2021-09-02,21.043007104999997,20.87309228,20.51060732,20.51060732,12333,12104268
2021-09-03,20.948609979999997,20.812678119999998,20.63143564,20.86554051,6334,6044022
2021-09-07,20.801350465000002,20.706953340000002,20.66919449,20.69940157,4852,5767014
2021-09-08,20.944834095,20.8428852,20.78247104,20.78247104,4684,5846705
2021-09-09,20.895747590000003,20.706953340000002,20.69940157,20.83533343,5591,8981853
2021-09-10,20.75981573,20.52571086,20.51060732,20.72960865,4412,6080616
2021-09-13,20.952385865,20.78247104,20.63898741,20.65409095,7855,9405760
2021-09-14,20.85043697,20.63898741,20.582349134999998,20.805126350000002,5345,6692340
2021-09-15,20.876868164999998,20.82022989,20.63143564,20.65409095,5378,8777127
2021-09-16,20.944834095,20.8428852,20.72960865,20.805126350000002,4651,8413016
2021-09-17,21.099645380000002,20.79002281,20.77491927,21.099645380000002,6292,38623851
2021-09-20,20.66919449,20.54836617,20.348244264999998,20.6163321,8679,11126544
2021-09-21,20.710729225,20.35957192,20.355796034999997,20.6163321,6389,9337006
2021-09-22,20.544590284999998,20.39733077,20.382227229999998,20.42753785,7137,8079363
2021-09-23,20.605004445,20.53326263,20.411679133,20.42753785,5304,6185657
2021-09-24,20.672970375,20.487952009999997,20.476624355,20.53326263,4298,5716520
2021-09-27,20.876868164999998,20.6918498,20.52571086,20.52571086,7222,8593341
2021-09-28,20.94105821,20.57102148,20.534017806999998,20.7673675,6775,7388357
2021-09-29,20.816454005,20.6918498,20.51815909,20.59367679,5748,7834969
2021-09-30,20.77491927,20.39733077,20.39733077,20.75226396,6887,12463588
2021-10-01,20.691094623,20.51060732,20.40488254,20.51815909,6888,8313395
2021-10-04,20.733384535,20.578573249999998,20.461520815,20.59367679,6513,11747110
2021-10-05,20.748488075,20.65409095,20.514383204999998,20.60878033,5091,6670764
2021-10-06,20.63898741,20.62388387,20.370899575,20.57102148,9361,12527610
2021-10-07,20.56346971,20.45774493,20.39733077,20.39733077,6274,8781115
2021-10-08,20.47284847,20.21608829,20.20098475,20.44264139,4579,6920967
2021-10-11,20.20853652,19.657257310000002,19.657257310000002,20.15567413,7688,10552889
2021-10-12,19.653481425,19.204151109999998,19.155064605,19.634602,8983,13049297
2021-10-13,19.22680642,19.1059781,18.88697677,19.06066748,8484,11439876
2021-10-14,19.487342485,19.34763474,19.14373695,19.14373695,11397,11593568
2021-10-15,19.585515495,19.4080489,19.374065935,19.4080489,6711,13163724
2021-10-18,19.370290049999998,19.12863341,19.094650445,19.2570135,9157,8452331
2021-10-19,19.332531200000002,19.32497943,19.079546905,19.21170288,6378,7199422
2021-10-20,19.698792045,19.56663607,19.306100005,19.332531200000002,8554,10228467
2021-10-21,19.83849979,19.45335952,19.332531200000002,19.7101197,9594,8424176
2021-10-22,19.4835666,19.24946173,19.23435819,19.45335952,6844,7541440
2021-10-25,19.370290049999998,19.36273828,19.12108164,19.21925465,6188,9798336
2021-10-26,19.406538546,19.15884049,19.14373695,19.35518651,6251,7571183
2021-10-27,19.23435819,18.92473562,18.909632079999998,19.17394403,7867,7772770
2021-10-28,19.358962395000002,19.29477235,18.96249447,18.96249447,7915,9334701
2021-10-29,19.268341155,19.07577102,18.996477435,19.15884049,6891,13102928
2021-11-01,19.31742766,19.15884049,19.139961064999998,19.22680642,8400,9425372
2021-11-02,19.24190996,19.05311571,18.981373895,19.24190996,6627,9359202
2021-11-03,19.124857525,19.01535686,18.963249647,18.977598009999998,7542,8079001
2021-11-04,19.064443365,18.7283896,18.53204358,18.99270155,9390,10005577
2021-11-05,19.109753985,18.9549427,18.8039073,18.8039073,8698,9927929
2021-11-08,18.973822124999998,18.78880376,18.679303094999998,18.90208031,7230,8010621
2021-11-09,18.762372565,18.66042367,18.566026545,18.69818252,6520,8806841
2021-11-10,18.973822124999998,18.84166615,18.69818252,18.69818252,8439,11871216
2021-11-11,18.951166815,18.81901084,18.792579645,18.879425,4566,7802994
2021-11-12,18.936063275,18.83411438,18.815234954999998,18.83411438,3606,5650993
2021-11-15,18.913407965,18.7283896,18.683078979999998,18.84166615,4924,7683657
2021-11-16,18.78880376,18.62266482,18.60000951,18.78880376,5838,8805584
2021-11-17,18.66797544,18.62266482,18.547147119999998,18.59245774,5149,6614913
2021-11-18,18.63776836,18.41876703,18.41876703,18.577354200000002,5177,6846224
2021-11-19,18.377232295,18.222421009999998,18.097816805,18.3508011,6562,10739967
2021-11-22,18.769924335,18.652871899999997,18.180886275,18.20731747,11106,13034710
2021-11-23,18.87187323,18.69818252,18.664199555,18.66797544,6640,8885856
2021-11-24,18.66042367,18.47918119,18.448974109999998,18.63021659,6303,8180028
2021-11-26,18.362128755,18.290386939999998,18.13179977,18.14690331,4996,5981691
2021-11-29,18.31304225,18.04117853,18.01097145,18.30549048,8260,10768112
2021-11-30,17.822177200000002,17.240690909999998,17.02924135,17.822177200000002,17306,35659749
2021-12-01,17.51255463,16.78758471,16.780032939999998,17.369070999999998,13625,15603048
2021-12-02,17.56541702,17.40682985,16.8404471,16.87820595,14462,20772916
2021-12-03,17.76931481,17.71645242,17.30110507,17.369070999999998,10791,15491504
2021-12-06,18.075161495,17.58052056,17.54276171,17.84483251,11339,13660750
2021-12-07,17.644710605,17.42948516,17.34641569,17.56541702,11258,12615718
2021-12-08,17.79197012,17.497451090000002,17.38417454,17.38417454,7594,8754372
2021-12-09,17.418157505,17.32376038,17.134966130000002,17.369070999999998,8339,10460689
2021-12-10,17.40682985,17.24824268,17.184052635,17.38417454,6464,8226358
2021-12-13,17.18782852,16.94617188,16.829119445,17.18027675,9164,15688888
2021-12-14,17.161397325,16.83289533,16.806464135,16.915964799999998,11865,19609555
2021-12-15,16.90841303,16.742274090000002,16.62899754,16.81779179,9284,17356619
2021-12-16,18.037402645,17.90524667,17.142517899999998,17.142517899999998,19992,22655152
2021-12-17,18.00341968,17.95810906,17.584296445,17.93545375,11184,45173028
2021-12-20,18.34324933,18.26773163,17.94300552,18.124248,12771,15055441
2021-12-21,18.743493139999998,18.47918119,18.271507515,18.290386939999998,10584,14440083
2021-12-22,18.754820795,18.71328606,18.30549048,18.41121526,7046,8594978
2021-12-23,18.890752655,18.78125199,18.73594137,18.743493139999998,6713,11769108
2021-12-27,18.94739093,18.71328606,18.60000951,18.78125199,5970,11394025
2021-12-28,18.970046240000002,18.743493139999998,18.652871899999997,18.652871899999997,6275,7915923
2021-12-29,18.81901084,18.60756128,18.578109377,18.69818252,4951,6378514
2021-12-30,18.837890265,18.71328606,18.62266482,18.62266482,5403,6746185
2021-12-31,18.747269024999998,18.577354200000002,18.550923005,18.652871899999997,5357,9886995
2022-01-03,19.313651775,19.204151109999998,18.75859668,18.76614845,10612,12823747
2022-01-04,19.540204875,19.36273828,19.21170288,19.38539359,11669,13375307
2022-01-05,20.250071255,19.79318917,19.634602,19.634602,15214,20452164
2022-01-06,20.23119183,19.71767147,19.593067265,20.22364006,13227,17603118
2022-01-07,20.019742270000002,19.85360333,19.4835666,19.52132545,13909,15481802
2022-01-10,20.114139395000002,19.98198342,19.7856374,20.02729404,11538,12189237
2022-01-11,20.18588121,19.891362179999998,19.744102665,20.11036351,7148,9141323
2022-01-12,20.015966385,19.97443165,19.75543032,19.84605156,6832,9102100
2022-01-13,20.43508962,20.2387436,19.880034525,20.019742270000002,9200,9583050
2022-01-14,20.56346971,20.52571086,19.985759305,20.14812236,10894,12739027
2022-01-18,20.740936304999998,20.62388387,20.325588955,20.5408144,13821,15166108
2022-01-19,20.695625685,20.60122856,20.22364006,20.676746259999998,10177,11297769
2022-01-20,20.695625685,20.40488254,20.36712369,20.43508962,8625,10444064
2022-01-21,20.382227229999998,20.09525997,19.970655765,20.284054219999998,11951,16032661
2022-01-24,20.068828775,19.891362179999998,19.479790715,19.83849979,17088,16657695
2022-01-25,20.09525997,19.99708696,19.411824784999997,19.77808563,17066,18793491
2022-01-26,20.26895068,18.31304225,18.16955862,20.21608829,36592,24119634
2022-01-27,18.520715924999998,18.21486924,17.810849545,18.124248,22878,17835585
2022-01-28,19.06066748,19.038012170000002,18.082713265,18.18466216,13737,14531556
2022-01-31,19.27966881,19.2570135,18.59245774,18.76614845,12511,51120730
2022-02-01,18.577354200000002,18.441422340000003,18.218645125,18.36590464,23779,21799696
2022-02-02,18.649096015,18.53204358,18.180886275,18.30549048,12500,17999264
2022-02-03,18.807683185000002,18.547147119999998,18.452749994999998,18.64532013,8144,9746541
2022-02-04,18.528267695,18.18466216,18.112920345,18.46407765,7543,11239952
2022-02-07,18.180886275,18.07138561,17.848608395,18.124248,7592,11200796
2022-02-08,18.211093355,18.07893738,17.995867909999998,18.0487303,5699,7588368
2022-02-09,18.53959535,18.5018365,18.11669623,18.124248,7680,8818406
2022-02-10,18.611337165,18.31304225,18.282835170000002,18.5018365,8334,11317406
2022-02-11,18.46407765,18.222421009999998,18.135575655,18.32059402,9617,10226154
2022-02-14,18.32814579,18.16200685,18.00341968,18.1997657,8780,10177746
2022-02-15,18.467853535,18.38100818,18.211093355,18.26017986,7250,7506629
2022-02-16,18.377232295,18.07893738,17.961884945,18.23752455,8871,10849555
2022-02-17,18.08648915,17.94300552,17.829728969999998,17.9732126,8551,10657608
2022-02-18,18.090265034999998,18.02607499,17.788194235,17.86748782,7356,16052404
2022-02-22,18.195989814999997,17.93545375,17.803297775,17.95810906,7862,12687374
2022-02-23,18.067609725,17.754211270000003,17.682469455,17.890143130000002,7522,11705384
2022-02-24,17.584296445,17.54276171,17.10475905,17.369070999999998,11870,17092992
2022-02-25,18.1997657,18.056282069999998,17.739107729999997,17.7466595,10668,11030289
2022-02-28,17.931677865,17.890143130000002,17.682469455,17.79952189,8928,14124187
2022-03-01,17.93545375,17.76931481,17.501226975,17.84483251,9241,12246195
2022-03-02,18.154455079999998,17.98831614,17.76931481,17.76931481,7399,8721960
2022-03-03,18.195989814999997,18.056282069999998,17.88259136,18.124248,8704,10362068
2022-03-04,18.037402645,18.02607499,17.705124765,17.88259136,8022,9702832
2022-03-07,18.01852322,17.79952189,17.735331845,17.890143130000002,8477,9725937
2022-03-08,17.829728969999998,17.369070999999998,17.369070999999998,17.77686658,9891,10756460
2022-03-09,17.757987155,17.56541702,17.52765817,17.58052056,8563,10682575
2022-03-10,17.531434055,17.51255463,17.32376038,17.467244009999998,5807,10679667
2022-03-11,17.897694899999998,17.51255463,17.48234755,17.81462543,9072,10831989
2022-03-14,17.531434055,17.28600153,17.22558737,17.5201064,6904,10654530
2022-03-15,17.5201064,17.437036929999998,17.304880954999998,17.369070999999998,6376,8433424
2022-03-16,17.58052056,17.51255463,17.350191575,17.4445887,7004,8547076
2022-03-17,17.57296879,17.51255463,17.32376038,17.40682985,4376,6988764
2022-03-18,17.629607065,17.535209939999998,17.387950425,17.55031348,6266,31760255
2022-03-21,17.7466595,17.48989932,17.437036929999998,17.595624100000002,6863,8628071
2022-03-22,17.739107729999997,17.52765817,17.508778744999997,17.63338295,5029,6789593
2022-03-23,17.70134888,17.52765817,17.497451090000002,17.54276171,5925,6770173
2022-03-24,17.629607065,17.61827941,17.493675205,17.57296879,3940,6192668
2022-03-25,18.00341968,18.00341968,17.62583118,17.67869357,5374,7328375
2022-03-28,18.173334505,18.02607499,17.909022555,18.124248,7463,8263593
2022-03-29,18.16955862,18.11669623,18.014747335,18.07138561,5017,7188738
2022-03-30,18.23752455,18.22997278,18.067609725,18.16200685,4074,7194907
2022-03-31,18.222421009999998,17.84483251,17.841056625,18.124248,6661,14234625
2022-04-01,18.124248,18.10914446,17.66359003,17.93545375,7074,8616711
2022-04-04,18.2752834,18.26017986,17.79952189,17.9732126,6863,7868687
2022-04-05,18.233748665,18.04117853,18.014747335,18.124248,6034,7836146
2022-04-06,18.22997278,18.14690331,17.818401315,18.01097145,6886,10132418
2022-04-07,18.10159269,17.92035021,17.841056625,18.07893738,7758,9907593
2022-04-08,18.301714595,18.22997278,17.77686658,17.88259136,9028,16634633
2022-04-11,19.765,19.63,18.85,18.95,22662,27889700
2022-04-12,20.11,19.56,19.51,19.71,15945,20514961
2022-04-13,19.49,19.42,19.05,19.16,7728,13303505
2022-04-14,19.59,19.54,19.21,19.3,7383,13066914
2022-04-18,19.57,19.46,19.3,19.4,6884,12616726
2022-04-19,19.635,19.49,19.39,19.5,7306,14914454
2022-04-20,19.585,19.43,19.305,19.52,7136,12222424
2022-04-21,20.35,20.21,19.63,19.66,13683,16005533
2022-04-22,20.02,19.52,19.5,20.0,8974,15750865
2022-04-25,19.88,19.51,19.11,19.83,13537,15307196
2022-04-26,19.65,19.3,19.3,19.4,9131,10010323
2022-04-27,19.355,19.07,18.995,19.2,11599,15172756
2022-04-28,19.59,19.42,19.105,19.25,10990,12360748
2022-04-29,19.37,18.86,18.815,19.35,10324,16198807
2022-05-02,19.385,19.12,18.865,19.02,12210,13653892
2022-05-03,19.68,19.33,19.045,19.25,11282,15361835
2022-05-04,19.975,19.95,19.22,19.28,11585,12232821
2022-05-05,19.985,19.95,19.69,19.73,11155,11308849
2022-05-06,20.105,20.03,19.665,19.73,10566,9565803
2022-05-09,20.04,19.55,19.475,20.0,8572,11593083
2022-05-10,19.845,19.36,19.245,19.65,7994,9599508
2022-05-11,19.66,19.43,19.295,19.55,10936,11220241
2022-05-12,19.735,19.72,19.44,19.52,9980,11646486
2022-05-13,19.86,19.84,19.54,19.69,5504,7667540
2022-05-16,20.375,20.28,19.68,19.9,6819,9360479
2022-05-17,20.665,20.57,20.245,20.36,8801,8123488
2022-05-18,20.625,20.23,20.13,20.5,6764,9394137
2022-05-19,20.335,20.21,19.92,19.96,7450,8691811
2022-05-20,20.42,20.4,20.09,20.18,7842,11595612
2022-05-23,20.91,20.74,20.425,20.51,7180,12864120
2022-05-24,21.225,21.16,20.6,20.8,9989,10938550
2022-05-25,21.37,21.3,21.065,21.14,6640,11373744
2022-05-26,21.525,21.32,21.275,21.4,4417,5931813
2022-05-27,21.405,21.29,21.15,21.26,4848,7135390
2022-05-31,21.425,21.29,20.975,21.19,6525,17777609
2022-06-01,21.46,21.22,21.13,21.46,5879,7782481
2022-06-02,21.23,21.19,20.945,21.22,5266,5613115
2022-06-03,21.145,20.9,20.8,21.02,4992,6407764
2022-06-06,21.045,20.94,20.83,20.94,3923,4256146
2022-06-07,21.18,21.14,20.77,20.85,4246,5627163
2022-06-08,21.195,21.05,20.995,21.1,3942,5270277
2022-06-09,21.16,20.88,20.87,21.0,4843,6352028
2022-06-10,20.845,20.69,20.65,20.67,5874,7750736
2022-06-13,20.48,19.76,19.675,20.38,8982,11824342
2022-06-14,19.96,19.45,19.305,19.96,7066,9919218
2022-06-15,19.705,19.44,19.185,19.63,8349,10274515
2022-06-16,19.28,18.96,18.675,19.24,11247,13542406
2022-06-17,19.42,19.38,19.005,19.15,10075,47153002
2022-06-21,20.05,19.96,19.475,19.67,7570,12982958
2022-06-22,20.545,20.32,19.84,19.84,7755,13691612
2022-06-23,20.78,20.61,20.085,20.45,10341,13768325
2022-06-24,21.06,20.99,20.51,20.69,6425,14471549
2022-06-27,21.03,20.78,20.67,20.98,5699,8809636
2022-06-28,21.055,20.61,20.605,20.99,5267,7221283
2022-06-29,21.02,20.95,20.55,20.68,4448,7137463
2022-06-30,21.15,20.96,20.755,20.78,6182,10998071
2022-07-01,21.38,21.31,20.87,20.94,5896,7968410
2022-07-05,21.185,21.17,20.78,21.1,6970,9406146
2022-07-06,21.23,21.09,20.89,21.13,5120,5936819
2022-07-07,21.315,21.15,21.03,21.15,5198,6136944
2022-07-08,21.055,20.8,20.755,20.99,4481,5385471
2022-07-11,20.85,20.66,20.635,20.68,4055,5619547
2022-07-12,20.85,20.6,20.46,20.62,5974,7366980
2022-07-13,20.595,20.45,20.235,20.44,5476,6844408
2022-07-14,20.35,20.33,20.05,20.09,4858,7670436
2022-07-15,20.585,20.57,20.215,20.56,4979,8320085
2022-07-18,20.69,20.53,20.51,20.63,4327,6308104
2022-07-19,20.855,20.8,20.53,20.6,4744,6508517
2022-07-20,20.83,20.48,20.41,20.79,4995,10188125
2022-07-21,19.115,18.92,18.24,19.0,17498,22711034
2022-07-22,18.68,18.4,18.25,18.66,6915,11989748
2022-07-25,18.65,18.53,18.335,18.38,5540,9109249
2022-07-26,18.44,18.3,18.185,18.37,4549,7815495
2022-07-27,18.49,18.39,18.23,18.35,5017,7100313
2022-07-28,18.765,18.58,18.29,18.29,5064,7143565
2022-07-29,18.84,18.78,18.485,18.55,4679,12777743
2022-08-01,18.86,18.73,18.615,18.86,5634,9465017
2022-08-02,18.73,18.36,18.32,18.73,5610,8603358
2022-08-03,18.505,18.37,18.315,18.41,4919,7179981
2022-08-04,18.375,18.27,18.22,18.3,3194,6218513
2022-08-05,18.36,18.35,18.095,18.27,4420,6264724
2022-08-08,18.405,18.0,18.0,18.35,4794,7819801
2022-08-09,18.215,18.1,18.05,18.05,3458,7165114
2022-08-10,18.235,18.01,17.99,18.23,4871,9737249
2022-08-11,18.165,18.04,18.01,18.05,4416,6611070
2022-08-12,18.27,18.27,18.095,18.11,3247,5827374
2022-08-15,18.46,18.39,18.2,18.2,3131,5198737
2022-08-16,18.695,18.57,18.375,18.38,4638,7091060
2022-08-17,18.61,18.42,18.32,18.42,3776,5706209
2022-08-18,18.525,18.43,18.185,18.25,3947,8005672
2022-08-19,18.505,18.43,18.32,18.37,3440,7661698
2022-08-22,18.32,18.13,18.07,18.31,4323,7976102
2022-08-23,18.185,18.06,18.02,18.1,3021,4738400
2022-08-24,18.06,18.01,17.865,18.06,3214,6474648
2022-08-25,18.1,18.09,17.94,18.05,3466,5371236
2022-08-26,18.09,17.89,17.855,18.03,4236,7000084
2022-08-29,17.915,17.78,17.715,17.8,4996,5886069
2022-08-30,17.895,17.82,17.76,17.78,4045,6815813
2022-08-31,17.85,17.54,17.51,17.78,4829,12330594
2022-09-01,17.665,17.5,17.415,17.5,4743,7460576
2022-09-02,17.615,17.19,17.165,17.6,4365,7764248
2022-09-06,17.22,16.79,16.78,17.19,6173,11204530
2022-09-07,17.135,16.87,16.685,16.72,7185,13148249
2022-09-08,16.93,16.77,16.7,16.8,6208,10281704
2022-09-09,17.065,17.03,16.865,16.92,5168,10489487
2022-09-12,17.4,17.38,17.04,17.06,5179,9455784
2022-09-13,17.31,16.83,16.785,17.17,4180,10103861
2022-09-14,16.91,16.77,16.705,16.85,4038,8272771
2022-09-15,16.91,16.76,16.63,16.81,5211,7087293
2022-09-16,16.81,16.74,16.555,16.7,6461,28947079
2022-09-19,16.855,16.76,16.58,16.61,3252,7017107
2022-09-20,16.645,16.56,16.465,16.62,3858,7578843
2022-09-21,16.655,16.25,16.25,16.53,4681,7429665
2022-09-22,16.375,16.24,16.14,16.25,4684,8465651
2022-09-23,16.105,16.01,15.85,16.1,4877,10242513
2022-09-26,15.98,15.67,15.58,15.92,4791,9737549
2022-09-27,16.03,15.73,15.675,15.8,4489,7672995
2022-09-28,15.92,15.83,15.71,15.78,6418,9440965
2022-09-29,15.75,15.53,15.415,15.67,5889,10305992
2022-09-30,15.675,15.34,15.34,15.55,6996,17767882
2022-10-03,16.17,15.9,15.66,15.76,8077,13811317
2022-10-04,16.145,16.09,15.899,15.98,5376,9784414
2022-10-05,16.14,15.93,15.765,15.94,4211,8005445
2022-10-06,15.81,15.32,15.31,15.65,5348,9471401
2022-10-07,15.24,14.94,14.9,15.22,7368,10248729
2022-10-10,15.125,14.9,14.765,15.04,4352,7510479
2022-10-11,14.91,14.81,14.685,14.85,5713,9965378
2022-10-12,14.93,14.63,14.62,14.75,5661,9469593
2022-10-13,15.145,15.12,14.47,14.5,7596,11379079
2022-10-14,15.26,14.99,14.97,15.15,5293,9178272
2022-10-17,15.399,15.31,15.09,15.15,4281,8709933
2022-10-18,15.695,15.6,15.455,15.56,5723,9240324
2022-10-19,15.76,15.54,15.405,15.46,6358,11059570
2022-10-20,17.155,16.74,16.13,16.18,15628,23209895
2022-10-21,17.395,17.1,16.77,16.8,10481,18900622
2022-10-24,17.85,17.51,17.405,17.44,8421,13357035
2022-10-25,17.885,17.69,17.51,17.52,8833,11471596
2022-10-26,18.235,18.14,17.83,17.84,9827,14011279
2022-10-27,18.34,18.03,17.995,18.34,7039,11699143
2022-10-28,18.58,18.48,18.23,18.3,6688,10765319
2022-10-31,18.38,18.23,18.135,18.35,6888,12744777
2022-11-01,18.57,18.35,18.245,18.55,6732,11112695
2022-11-02,18.795,18.43,18.27,18.29,9428,10903281
2022-11-03,18.325,18.17,18.08,18.17,5845,9920475
2022-11-04,18.405,18.32,18.09,18.39,6285,8405575
2022-11-07,18.395,18.36,18.155,18.3,4770,7483971
2022-11-08,18.73,18.57,18.3,18.38,5294,7891227
2022-11-09,18.72,18.38,18.38,18.52,6651,10877009
2022-11-10,18.965,18.84,18.58,18.83,5980,9980326
2022-11-11,19.13,19.05,18.78,18.82,6873,10929019
2022-11-14,19.36,19.06,19.045,19.1,5066,7279875
2022-11-15,19.39,19.02,18.815,19.1,6904,10202309
2022-11-16,19.045,18.93,18.785,19.0,4974,7486747
2022-11-17,18.985,18.95,18.52,18.69,4567,7989355
2022-11-18,19.115,18.97,18.92,19.03,3913,8403877
2022-11-21,19.075,18.84,18.765,19.0,3700,6604217
2022-11-22,19.035,19.0,18.89,18.93,3605,8176980
2022-11-23,19.11,19.09,18.9,18.9,3150,4271207
2022-11-25,19.28,19.12,19.07,19.17,1884,2820584
2022-11-28,19.145,18.82,18.77,19.09,3444,6624553
2022-11-29,19.03,19.01,18.75,18.78,3895,5551435
2022-11-30,19.28,19.28,18.805,18.87,5285,18641275
2022-12-01,19.4,19.19,19.09,19.3,4818,7345398
2022-12-02,19.055,19.02,18.86,18.98,5019,9529405
2022-12-05,18.97,18.75,18.69,18.9,3458,6095960
2022-12-06,19.18,19.17,18.89,18.92,6009,9474488
2022-12-07,19.415,19.3,19.01,19.03,4902,10629275
2022-12-08,19.52,19.12,19.025,19.4,4444,11654410
2022-12-09,19.35,19.09,19.03,19.1,4226,6984882
2022-12-12,19.31,19.3,19.07,19.09,4107,6098564
2022-12-13,19.5,19.12,19.075,19.43,5782,13570500
2022-12-14,19.095,18.9,18.77,19.04,6942,7591289
2022-12-15,18.8,18.47,18.36,18.64,4881,8938762
2022-12-16,18.51,18.49,18.215,18.36,7514,32991381
2022-12-19,18.31,17.86,17.635,18.15,7751,12082687
2022-12-20,18.085,18.07,17.835,17.85,5544,7581463
2022-12-21,18.26,18.15,18.075,18.24,5361,8290494
2022-12-22,18.28,18.27,17.93,18.0,4856,7243691
2022-12-23,18.32,18.31,18.105,18.17,3726,5082158
2022-12-27,18.515,18.46,18.225,18.29,3618,5793006
2022-12-28,18.545,18.22,18.19,18.47,4285,5386579
2022-12-29,18.545,18.45,18.24,18.24,3563,5214957
2022-12-30,18.475,18.41,18.225,18.43,2908,7314438
2023-01-03,18.85,18.74,18.415,18.5,6154,12334419
2023-01-04,19.365,19.14,18.92,18.95,6545,10280691
2023-01-05,19.32,19.21,18.97,19.12,5219,7433200
2023-01-06,19.785,19.53,19.35,19.35,5709,7466769
2023-01-09,19.22,19.04,18.99,19.18,5343,14544846
2023-01-10,19.48,19.47,19.205,19.3,4323,6928714
2023-01-11,19.475,19.41,19.25,19.45,3720,6709656
2023-01-12,19.57,19.41,19.375,19.48,3807,7450543
2023-01-13,19.59,19.55,19.29,19.38,3200,5852600
2023-01-17,19.55,19.33,19.27,19.55,4459,9656466
2023-01-18,19.305,19.02,18.975,19.29,3702,10443653
2023-01-19,19.015,18.94,18.785,18.9,5966,8792176
2023-01-20,19.23,19.23,18.77,18.95,5619,12869672
2023-01-23,19.4,19.1,18.98,19.21,4624,6504919
2023-01-24,19.46,19.16,18.7,19.25,5225,6555974
2023-01-25,20.475,20.42,19.75,19.75,14676,13536716
2023-01-26,20.31,20.0,19.815,20.22,7537,11573285
2023-01-27,20.095,19.95,19.815,19.91,6361,6709348
2023-01-30,20.255,20.16,19.91,19.92,4874,6946701
2023-01-31,20.38,20.37,20.08,20.17,5044,12532984
2023-02-01,20.5,20.18,20.08,20.5,7198,10930849
2023-02-02,20.49,20.28,20.04,20.04,5631,7383894
2023-02-03,20.25,19.83,19.78,20.22,4953,6907579
2023-02-06,19.75,19.58,19.495,19.75,5157,7523967
2023-02-07,19.535,19.25,19.095,19.47,5624,7823066
2023-02-08,19.22,19.16,19.015,19.06,5421,6540204
2023-02-09,19.24,18.97,18.895,19.22,4609,6116215
2023-02-10,19.105,19.07,18.83,19.03,4016,6733174
2023-02-13,19.315,19.26,19.01,19.01,3357,6274240
2023-02-14,19.315,19.15,19.03,19.3,3993,5158997
2023-02-15,19.27,19.25,18.99,19.0,3659,7265979
2023-02-16,19.415,19.26,18.935,19.01,4552,7770646
2023-02-17,19.51,19.44,19.135,19.26,3848,7719870
2023-02-21,19.355,19.21,19.135,19.29,5623,8112077
2023-02-22,19.425,19.38,19.22,19.25,4454,6898084
2023-02-23,19.575,19.35,19.265,19.39,4424,5691727
2023-02-24,19.265,19.24,18.975,19.2,4607,6405144
2023-02-27,19.33,19.03,19.01,19.28,3580,5363515
2023-02-28,19.02,18.91,18.84,19.0,3050,12342735
2023-03-01,18.86,18.66,18.57,18.8,4147,4988312
2023-03-02,18.745,18.66,18.5,18.5,4721,6968469
2023-03-03,18.85,18.81,18.67,18.72,3300,5785117
2023-03-06,18.955,18.77,18.77,18.82,3396,7012399
2023-03-07,18.925,18.71,18.6,18.81,4425,7359905
2023-03-08,18.635,18.61,18.185,18.61,5083,6057696
2023-03-09,18.69,18.32,18.31,18.68,3570,5444304
2023-03-10,18.485,18.43,18.245,18.3,5313,6056189
2023-03-13,18.655,18.3,18.225,18.27,7438,9027833
2023-03-14,18.505,18.44,18.21,18.38,5068,8621189
2023-03-15,18.33,18.31,18.06,18.2,7221,8748834
2023-03-16,18.425,18.39,18.07,18.19,4375,8006871
2023-03-17,18.35,18.13,18.03,18.35,5424,27088825
2023-03-20,18.58,18.49,18.23,18.24,4246,8068688
2023-03-21,18.71,18.54,18.435,18.69,3031,6819489
2023-03-22,18.715,18.39,18.38,18.62,3905,6132366
2023-03-23,18.561,18.46,18.35,18.39,4638,8157395
2023-03-24,18.655,18.61,18.355,18.48,5174,8938215
2023-03-27,18.95,18.87,18.71,18.75,4492,6322605
2023-03-28,18.985,18.72,18.72,18.84,3196,5332693
2023-03-29,19.05,19.0,18.835,18.92,3748,5962590
2023-03-30,19.135,19.08,18.98,18.98,3319,4659744
2023-03-31,19.25,19.25,19.03,19.12,3370,8440510
2023-04-03,19.475,19.39,19.2,19.29,3847,7583659
2023-04-04,19.65,19.64,19.39,19.54,5563,10076424
2023-04-05,19.925,19.88,19.59,19.64,4936,8980215
2023-04-06,19.79,19.65,19.515,19.73,4211,8503969
2023-04-10,19.595,19.57,19.43,19.49,3792,5869195
2023-04-11,19.91,19.69,19.6,19.61,3993,7319655
2023-04-12,19.88,19.77,19.655,19.78,4163,6285585
2023-04-13,19.975,19.96,19.66,19.89,2814,8010213
2023-04-14,19.99,19.93,19.775,19.99,3174,6415393
2023-04-17,19.92,19.79,19.65,19.92,3426,6139854
2023-04-18,19.865,19.82,19.65,19.84,3361,6521620
2023-04-19,19.83,19.7,19.61,19.83,4238,7375365
2023-04-20,18.7,17.65,17.56,18.7,17105,22832721
2023-04-21,18.395,18.22,17.87,17.89,7936,13002728
2023-04-24,18.115,17.53,17.51,18.08,5589,10244148
2023-04-25,17.765,17.51,17.45,17.45,4639,9688958
2023-04-26,17.66,17.2,17.19,17.39,6067,9445177
2023-04-27,17.625,17.61,17.4,17.4,3627,6870759
2023-04-28,17.74,17.67,17.38,17.38,4289,9143241
2023-05-01,17.755,17.5,17.49,17.7,4843,8493470
2023-05-02,17.37,17.07,17.03,17.29,4145,7690165
2023-05-03,17.245,17.09,17.08,17.22,4259,8693152
2023-05-04,17.075,16.91,16.85,17.0,3558,6194301
2023-05-05,17.13,17.13,16.89,16.98,3056,5434857
2023-05-08,17.17,17.12,16.95,17.02,3056,8441061
2023-05-09,17.105,17.02,16.91,17.05,2932,8831176
2023-05-10,17.1,17.04,16.86,17.1,3593,7108982
2023-05-11,16.99,16.96,16.885,16.94,2403,4936466
2023-05-12,17.185,17.03,16.955,17.0,3172,6938709
2023-05-15,17.09,16.95,16.945,17.0,3169,6215383
2023-05-16,16.94,16.53,16.515,16.9,3273,5853383
2023-05-17,16.75,16.66,16.555,16.65,3677,7674042
2023-05-18,16.64,16.55,16.37,16.6,3021,9490609
2023-05-19,16.645,16.31,16.29,16.57,4274,9621140
2023-05-22,16.425,16.38,16.165,16.38,4675,7482756
2023-05-23,16.3,16.1,16.07,16.23,4340,8787898
2023-05-24,16.12,15.95,15.95,16.12,3333,7412421
2023-05-25,15.63,15.15,15.005,15.63,7263,14920146
2023-05-26,15.62,15.5,15.19,15.21,4804,10275460
2023-05-30,15.685,15.64,15.425,15.48,3799,8750894
2023-05-31,15.87,15.73,15.63,15.63,3446,29956756
2023-06-01,15.87,15.81,15.63,15.7,4150,8457831
2023-06-02,15.42,15.21,14.86,15.25,12833,17987255
2023-06-05,15.44,15.39,15.25,15.42,5667,10703545
2023-06-06,15.745,15.67,15.36,15.48,4867,8058185
2023-06-07,16.11,16.1,15.58,15.61,5145,10163076
2023-06-08,16.07,16.07,15.885,16.05,2720,6865818
2023-06-09,16.125,15.95,15.91,16.0,3280,5629210
2023-06-12,15.995,15.93,15.82,15.94,2524,6694775
2023-06-13,15.965,15.82,15.675,15.75,3914,8927953
2023-06-14,16.015,15.84,15.825,15.9,2731,6264438
2023-06-15,16.095,16.03,15.795,15.9,3322,6225379
2023-06-16,16.13,16.06,15.965,16.1,3505,33970675
2023-06-20,16.08,15.78,15.77,16.0,3852,8835280
2023-06-21,15.71,15.61,15.49,15.69,4029,7875461
2023-06-22,15.635,15.58,15.47,15.56,3380,6767060
2023-06-23,15.725,15.45,15.42,15.59,3174,12894919
2023-06-26,15.65,15.63,15.43,15.45,2380,6358053
2023-06-27,15.89,15.84,15.555,15.56,3489,5416273
2023-06-28,15.83,15.78,15.615,15.83,2883,5617991
2023-06-29,16.01,15.98,15.75,15.75,3093,6541142
2023-06-30,16.03,15.95,15.835,16.0,3675,10136633
2023-07-03,16.12,16.12,15.96,15.97,2444,4229116
2023-07-05,16.22,16.07,16.005,16.06,2980,6509888
2023-07-06,16.015,15.87,15.84,16.0,3497,7373971
2023-07-07,15.745,15.61,15.53,15.53,2810,7149599
2023-07-10,15.54,15.27,15.22,15.52,3889,10190385
2023-07-11,15.34,15.23,15.115,15.28,3678,7607365
2023-07-12,15.26,15.12,15.105,15.25,3531,8285697
2023-07-13,15.165,15.12,15.01,15.12,3282,7206785
2023-07-14,14.78,14.5,14.29,14.77,6433,12650665
2023-07-17,14.12,13.53,13.48,14.08,10739,18512331
2023-07-18,13.99,13.45,13.44,13.53,9375,21607002
2023-07-19,14.64,14.59,14.28,14.33,9859,22885040
2023-07-20,14.66,14.66,14.46,14.61,6805,13233478
2023-07-21,14.78,14.76,14.63,14.65,4829,11197245
2023-07-24,15.09,14.95,14.82,14.82,4777,7697000
2023-07-25,15.105,14.8,14.72,15.06,5158,13137545
2023-07-26,14.97,14.89,14.535,14.87,6478,10691616
2023-07-27,14.92,14.51,14.5,14.9,7113,12977516
2023-07-28,14.67,14.45,14.44,14.66,5226,10543777
2023-07-31,14.59,14.52,14.41,14.45,4287,11363497
2023-08-01,14.55,14.3,14.26,14.55,3291,8609102
2023-08-02,14.56,14.35,14.215,14.26,4305,8593177
2023-08-03,14.26,14.09,14.03,14.2,3799,7148862
2023-08-04,14.105,14.0,14.0,14.05,3622,8578147
2023-08-07,14.085,14.01,13.89,14.0,3413,7789035
2023-08-08,14.195,14.18,13.955,13.97,3237,7428944
2023-08-09,14.345,14.27,14.155,14.17,3098,9229088
2023-08-10,14.35,14.17,14.17,14.31,3389,7770235
2023-08-11,14.395,14.37,14.125,14.15,3032,5216931
2023-08-14,14.365,14.26,14.185,14.29,2923,6215162
2023-08-15,14.21,14.14,14.1,14.17,3127,5989466
2023-08-16,14.185,14.1,14.015,14.14,2925,5825970
2023-08-17,14.14,14.01,13.995,14.14,4329,7230730
2023-08-18,14.135,14.05,13.955,13.98,2876,7471907
2023-08-21,14.135,14.1,13.925,14.0,3653,7945549
2023-08-22,14.315,14.26,14.035,14.1,3702,7170308
2023-08-23,14.345,14.16,14.145,14.26,4297,6579580
2023-08-24,14.275,14.15,14.05,14.05,2830,7051504
2023-08-25,14.205,14.11,14.055,14.18,2792,4329286
2023-08-28,14.26,14.21,14.115,14.21,2953,5945522
2023-08-29,14.81,14.77,14.46,14.48,4224,8729771
2023-08-30,14.99,14.73,14.7,14.9,2502,5218373
2023-08-31,14.88,14.79,14.705,14.85,2828,12346927
2023-09-01,14.86,14.65,14.64,14.81,2333,4612928
2023-09-05,14.745,14.48,14.47,14.65,2633,5226795
2023-09-06,14.745,14.61,14.33,14.41,4032,7223850
2023-09-07,14.76,14.61,14.55,14.61,3140,7394911
2023-09-08,14.61,14.4,14.365,14.61,2344,5647484
2023-09-11,14.58,14.52,14.435,14.5,2949,6944781
2023-09-12,14.57,14.46,14.385,14.54,2833,5227219
2023-09-13,14.67,14.62,14.47,14.6,3757,7293001
2023-09-14,15.155,15.06,14.87,14.88,5943,9467152
2023-09-15,15.295,15.23,14.96,14.96,6020,32978187
2023-09-18,15.22,15.09,15.02,15.2,3236,7065845
2023-09-19,15.245,15.21,15.05,15.08,3646,7379363
2023-09-20,15.73,15.55,15.28,15.3,4637,8054040
2023-09-21,15.54,15.31,15.29,15.4,4304,8238618
2023-09-22,15.32,15.12,15.05,15.32,4336,7169476
2023-09-25,15.11,15.06,14.855,15.05,3003,5689836
2023-09-26,15.075,15.02,14.68,14.81,3210,7311801
2023-09-27,15.005,14.87,14.8,14.99,3287,5312071
2023-09-28,15.02,15.01,14.88,14.9,3238,5205168
2023-09-29,15.09,15.02,14.91,15.03,3064,8444430
2023-10-02,15.08,14.67,14.665,15.07,3715,8653035
2023-10-03,14.82,14.78,14.58,14.6,3783,7069031
2023-10-04,14.72,14.65,14.45,14.64,3753,7812019
2023-10-05,14.88,14.83,14.63,14.64,3879,6715791
2023-10-06,14.505,14.45,14.125,14.39,4738,9329758
2023-10-09,14.745,14.73,14.47,14.48,3928,6987159
2023-10-10,14.98,14.96,14.691,14.7,3856,7948058
2023-10-11,15.045,14.77,14.685,14.97,3026,6689976
2023-10-12,14.65,14.45,14.285,14.64,5127,6547145
2023-10-13,14.63,14.36,14.325,14.55,3784,8437443
2023-10-16,14.5,14.41,14.23,14.4,4174,6815910
2023-10-17,14.59,14.58,14.29,14.32,3938,8880474
2023-10-18,14.525,14.32,14.31,14.49,4547,9334785
2023-10-19,15.65,15.26,15.165,15.48,11531,17950201
2023-10-20,15.905,15.38,15.23,15.23,6861,13979557
2023-10-23,15.37,14.95,14.86,15.37,6630,10512916
2023-10-24,15.57,15.53,15.22,15.22,8702,13096872
2023-10-25,15.58,15.19,15.075,15.51,6042,9699264
2023-10-26,15.28,15.12,14.985,15.2,4880,7483843
2023-10-27,15.17,14.82,14.745,15.08,3645,6660493
2023-10-30,15.375,15.26,15.045,15.05,4613,7644895
2023-10-31,15.44,15.4,15.255,15.27,3455,8295830
2023-11-01,15.7,15.58,15.45,15.5,4390,8831404
2023-11-02,15.775,15.73,15.565,15.66,3145,6839121
2023-11-03,16.035,15.88,15.835,15.91,4491,8597192
2023-11-06,15.895,15.75,15.645,15.86,3810,7719864
2023-11-07,15.96,15.84,15.72,15.75,3659,6990255
2023-11-08,15.8,15.65,15.58,15.77,3525,7873168
2023-11-09,15.745,15.63,15.55,15.66,3304,6110591
2023-11-10,15.725,15.64,15.465,15.72,2876,5045644
2023-11-13,15.735,15.58,15.51,15.61,2704,5391635
2023-11-14,15.74,15.63,15.515,15.7,4149,7533912
2023-11-15,15.8,15.76,15.64,15.64,2088,6558845
2023-11-16,15.93,15.88,15.755,15.91,2973,5533488
2023-11-17,15.955,15.9,15.85,15.92,2937,7375093
2023-11-20,16.17,16.1,15.855,15.9,2979,6252739
2023-11-21,16.245,16.19,16.03,16.1,2597,4856590
2023-11-22,16.275,16.17,16.105,16.25,2184,3993163
2023-11-24,16.31,16.21,16.205,16.26,1873,3053140
2023-11-27,16.27,16.21,16.085,16.2,3318,7538928
2023-11-28,16.2,16.18,16.035,16.16,2499,5188446
2023-11-29,16.33,16.3,16.16,16.18,3259,5332992
2023-11-30,16.595,16.57,16.295,16.31,4472,17162208
2023-12-01,16.77,16.76,16.53,16.6,4584,6079863
2023-12-04,16.76,16.66,16.55,16.65,3191,6863848
2023-12-05,17.335,17.22,16.98,17.0,7853,12141730
2023-12-06,17.275,16.94,16.855,17.14,4804,8574616
2023-12-07,17.13,17.09,16.905,17.05,3953,6738125
2023-12-08,17.07,16.92,16.81,17.07,3213,7620003
2023-12-11,16.935,16.62,16.535,16.9,4444,9712818
2023-12-12,16.58,16.41,16.345,16.5,5648,8951989
2023-12-13,16.5,16.45,16.1,16.3,7012,14097451
2023-12-14,16.81,16.65,16.51,16.51,5247,8909036
2023-12-15,16.65,16.52,16.45,16.48,4192,34399749
2023-12-18,16.745,16.46,16.41,16.66,4235,8409979
2023-12-19,16.62,16.61,16.41,16.42,3854,6740187
2023-12-20,16.61,16.4,16.4,16.6,3481,8288885
2023-12-21,16.505,16.49,16.355,16.42,3673,10326056
2023-12-22,16.73,16.55,16.505,16.54,2775,4836425
2023-12-26,16.61,16.57,16.44,16.5,2491,4344192
2023-12-27,16.615,16.58,16.455,16.46,2760,6264509
2023-12-28,16.865,16.74,16.53,16.53,3152,5822232
2023-12-29,16.825,16.78,16.61,16.61,3278,8401322
2024-01-02,17.37,17.25,16.84,16.86,4392,9449082
2024-01-03,17.37,17.23,17.22,17.3,3375,7737525
2024-01-04,17.29,17.15,17.15,17.28,3082,7542725
2024-01-05,17.51,17.47,17.095,17.13,4542,6670757
2024-01-08,17.48,17.32,17.24,17.44,4052,9307243
2024-01-09,16.975,16.95,16.835,16.94,3449,7169755
2024-01-10,16.895,16.87,16.76,16.88,3695,6229746
2024-01-11,16.76,16.23,16.15,16.75,6883,13932139
2024-01-12,16.615,16.48,16.4,16.41,5172,7078686
2024-01-16,16.6,16.44,16.34,16.39,4159,7709894
2024-01-17,16.63,16.41,16.355,16.4,4629,6028332
2024-01-18,16.415,16.4,16.19,16.29,3457,7022750
2024-01-19,16.78,16.67,16.395,16.65,5887,12809232
2024-01-22,16.895,16.8,16.645,16.75,5800,8288548
2024-01-23,17.25,17.19,16.98,17.06,6451,11664639
2024-01-24,17.03,16.68,16.46,16.57,10534,14953478
2024-01-25,17.19,17.18,16.69,16.8,5515,9019043
2024-01-26,17.38,17.29,17.13,17.13,4015,8593824
2024-01-29,17.28,17.25,17.055,17.15,4130,7790287
2024-01-30,17.59,17.53,17.18,17.27,4475,8974898
2024-01-31,17.815,17.69,17.5,17.57,8148,16031900
2024-02-01,18.15,18.04,17.82,18.11,7075,15526349
2024-02-02,17.98,17.83,17.755,17.9,4666,7509155
2024-02-05,17.865,17.73,17.59,17.6,4021,7922817
2024-02-06,17.765,17.61,17.55,17.66,2748,5011396
2024-02-07,17.61,17.33,17.3,17.61,4577,8459754
2024-02-08,17.3,16.82,16.755,17.28,5116,13106746
2024-02-09,16.88,16.84,16.575,16.75,5473,8103173
2024-02-12,17.06,17.02,16.77,16.84,4019,5828438
2024-02-13,17.2,16.9,16.76,17.06,4200,6593199
2024-02-14,17.08,16.91,16.845,16.95,2599,5121042
2024-02-15,17.22,17.09,16.97,16.97,3787,6191988
2024-02-16,17.07,16.97,16.765,16.92,3420,6672300
2024-02-20,17.13,16.91,16.875,16.9,3574,9051116
2024-02-21,17.01,17.0,16.84,16.89,3008,5209859
2024-02-22,16.77,16.59,16.43,16.77,6597,12399380
2024-02-23,16.855,16.8,16.545,16.63,3527,7154508
2024-02-26,16.821,16.6,16.52,16.76,3324,6426582
2024-02-27,16.845,16.83,16.54,16.62,3384,5560105
2024-02-28,17.035,16.96,16.81,16.84,4070,6996753
2024-02-29,17.115,16.93,16.91,17.02,5023,17760696
2024-03-01,17.045,16.98,16.815,16.93,3684,6035988
2024-03-04,16.98,16.8,16.715,16.87,5423,7303186
2024-03-05,17.355,17.17,17.04,17.06,7075,10839943
2024-03-06,17.22,17.18,17.035,17.06,4788,7622519
2024-03-07,17.295,17.05,17.015,17.25,3086,6534868
2024-03-08,17.315,17.2,16.975,17.05,3558,5056177
2024-03-11,17.435,17.33,17.23,17.23,3840,5770730
2024-03-12,17.34,17.2,17.17,17.31,3426,11129869
2024-03-13,17.435,17.19,17.13,17.27,3947,6907512
2024-03-14,17.16,17.01,16.83,17.12,4169,7320318
2024-03-15,17.14,17.05,16.89,16.91,4763,51152101
2024-03-18,17.315,17.3,16.935,17.08,5016,8403158
2024-03-19,17.31,17.17,17.155,17.3,2771,5614541
2024-03-20,17.31,17.21,17.085,17.13,3650,7954432
2024-03-21,17.265,17.16,17.06,17.2,4675,9261341
2024-03-22,17.165,16.98,16.98,17.16,3785,6775186
2024-03-25,17.13,17.12,16.97,17.03,3041,7419827
2024-03-26,17.275,17.18,17.045,17.15,3714,10353147
2024-03-27,17.585,17.55,17.3,17.3,4688,7891553
2024-03-28,17.69,17.6,17.52,17.56,4097,9235391
2024-04-01,17.53,17.5,17.175,17.31,4926,5937873
2024-04-02,17.69,17.52,17.5,17.5,3861,11602831
2024-04-03,17.71,17.61,17.49,17.57,4731,7238571
2024-04-04,17.875,17.57,17.56,17.66,3869,6530322
2024-04-05,17.54,17.42,17.28,17.47,4526,6017244
2024-04-08,17.46,17.25,17.22,17.36,3156,6420482
2024-04-09,17.08,16.9,16.815,17.0,4148,7558973
2024-04-10,16.785,16.73,16.515,16.72,5532,7318251
2024-04-11,16.69,16.42,16.42,16.64,3977,7358130
2024-04-12,16.46,16.31,16.255,16.41,4191,6349547
2024-04-15,16.535,16.24,16.13,16.44,5746,9447480
2024-04-16,16.22,16.09,15.95,16.22,4443,10540300
2024-04-17,16.245,16.12,16.06,16.11,5415,5877622
2024-04-18,16.345,16.33,16.095,16.13,5488,5603571
2024-04-19,16.52,16.51,16.265,16.33,6307,10769791
2024-04-22,16.73,16.31,16.175,16.67,6460,10282427
2024-04-23,16.525,16.5,16.29,16.37,4678,9290617
2024-04-24,17.025,16.81,16.39,16.9,10138,14202641
2024-04-25,17.0,16.58,16.5,16.75,5686,10579094
2024-04-26,16.875,16.75,16.39,16.4,5051,9800987
2024-04-29,17.28,17.02,17.005,17.06,5628,11689797
2024-04-30,16.975,16.89,16.805,16.9,4269,8701857
2024-05-01,17.095,16.92,16.78,16.81,5004,9434862
2024-05-02,16.99,16.82,16.735,16.97,5165,8257616
2024-05-03,16.91,16.85,16.735,16.84,4276,4795204
2024-05-06,17.035,16.99,16.91,17.0,2797,4814505
2024-05-07,17.205,17.08,17.005,17.1,4212,5963029
2024-05-08,17.2,17.11,17.005,17.04,3151,7685819
2024-05-09,17.185,17.18,17.04,17.11,2593,4344918
2024-05-10,17.215,17.17,17.125,17.2,3045,5780857
2024-05-13,17.33,17.26,17.15,17.22,3272,5418876
2024-05-14,17.34,17.3,17.22,17.29,4563,5193911
2024-05-15,17.44,17.33,17.185,17.36,4111,6525009
2024-05-16,17.37,17.3,17.15,17.28,3475,6310995
2024-05-17,17.4,17.4,17.26,17.4,2842,6815129
2024-05-20,17.555,17.52,17.355,17.38,2516,5374851
2024-05-21,17.51,17.27,17.145,17.5,3951,8129548
2024-05-22,17.51,17.5,17.19,17.2,3361,8213134
2024-05-23,17.51,17.47,17.32,17.4,3806,7898943
2024-05-24,17.61,17.5,17.425,17.51,3023,4913014
2024-05-28,17.52,17.27,17.205,17.46,3609,6833076
2024-05-29,17.3,17.12,17.115,17.2,3607,5837085
2024-05-30,17.63,17.62,17.165,17.17,5525,8488815
2024-05-31,18.27,18.22,17.475,17.53,6793,21104936
2024-06-03,18.32,18.01,17.96,18.13,5069,8661774
2024-06-04,18.36,18.35,17.9,17.96,4294,6976156
2024-06-05,18.315,18.3,18.16,18.3,4432,6006142
2024-06-06,18.445,18.28,18.22,18.3,3792,4719186
2024-06-07,18.21,18.1,17.97,18.2,4279,7119762
2024-06-10,18.04,17.86,17.75,17.99,4293,6600478
2024-06-11,17.94,17.86,17.73,17.85,3884,8368922
2024-06-12,18.035,17.61,17.57,18.01,4780,7117792
2024-06-13,17.68,17.67,17.43,17.52,4511,6411815
2024-06-14,17.745,17.64,17.5,17.61,3339,5085112
2024-06-17,17.7,17.67,17.495,17.53,4201,6662266
2024-06-18,18.2,18.05,17.865,17.95,4804,7105759
2024-06-20,18.155,18.11,17.91,17.94,3622,7134955
2024-06-21,18.455,18.4,18.08,18.17,5253,31806717
2024-06-24,18.7,18.65,18.43,18.45,4985,7265826
2024-06-25,18.725,18.69,18.535,18.65,4888,8619386
2024-06-26,18.81,18.76,18.62,18.62,4453,7920988
2024-06-27,18.785,18.75,18.62,18.78,2605,5384141
2024-06-28,19.13,19.11,18.78,18.83,5963,17607164
2024-07-01,19.315,18.98,18.83,19.24,5139,8969999
2024-07-02,18.99,18.82,18.68,18.98,4062,8040933
2024-07-03,18.915,18.68,18.66,18.85,2228,3819274
2024-07-05,18.8,18.77,18.65,18.7,3011,5387331
2024-07-08,18.895,18.81,18.695,18.84,3967,4961167
2024-07-09,18.98,18.8,18.71,18.84,3172,6460846
2024-07-10,18.745,18.74,18.465,18.59,3962,6182152
2024-07-11,18.87,18.86,18.625,18.71,2866,4819456
2024-07-12,18.845,18.81,18.59,18.75,4082,7186179
2024-07-15,18.87,18.58,18.53,18.83,3545,6554244
2024-07-16,18.86,18.85,18.57,18.6,3388,5488862
2024-07-17,19.18,19.16,18.92,18.92,3820,6725322
2024-07-18,19.325,19.15,18.995,19.1,4600,6873470
2024-07-19,19.24,19.12,18.99,19.13,4097,9862064
2024-07-22,18.755,18.55,18.315,18.75,6292,9168087
2024-07-23,18.61,18.21,18.145,18.54,6978,14200583
2024-07-24,19.23,19.16,18.77,18.84,9303,12669032
2024-07-25,19.73,19.19,19.105,19.2,7010,12613824
2024-07-26,19.26,19.01,18.89,19.16,5274,8442983
2024-07-29,19.01,18.9,18.83,18.99,2868,5105945
2024-07-30,19.03,18.98,18.835,18.94,3679,6544735
2024-07-31,19.32,19.25,18.88,18.88,4842,10615330
2024-08-01,19.625,19.47,19.13,19.32,5762,9987917
2024-08-02,19.99,19.37,19.19,19.68,6841,10528535
2024-08-05,19.105,18.91,18.77,18.88,9201,14374227
2024-08-06,19.29,19.19,18.885,18.91,3650,9104566
2024-08-07,19.51,19.25,19.1,19.25,4451,7875023
2024-08-08,19.47,19.4,19.215,19.25,4434,6083997
2024-08-09,19.595,19.49,19.275,19.4,4239,6461400
2024-08-12,19.54,19.43,19.3,19.54,3427,6121165
2024-08-13,19.56,19.52,19.365,19.43,3376,5786410
2024-08-14,19.66,19.63,19.43,19.48,3297,5168911
2024-08-15,19.56,19.09,18.97,19.54,4620,10101986
2024-08-16,19.36,19.34,19.085,19.11,3008,7198881
2024-08-19,19.505,19.49,19.35,19.35,3038,5473218
2024-08-20,19.575,19.49,19.39,19.47,3498,4598336
2024-08-21,19.59,19.54,19.425,19.55,4098,4635903
2024-08-22,19.58,19.51,19.405,19.56,3099,5109729
2024-08-23,19.755,19.73,19.52,19.56,2614,6158276
2024-08-26,19.93,19.76,19.705,19.8,2571,5369527
2024-08-27,19.795,19.65,19.595,19.75,2534,5079249
2024-08-28,19.905,19.82,19.67,19.71,2723,5465426
2024-08-29,19.845,19.76,19.62,19.8,4385,4856115
2024-08-30,19.91,19.9,19.705,19.8,2745,12122067
2024-09-03,20.45,20.43,19.92,19.95,6332,12870256
2024-09-04,20.87,20.57,20.255,20.52,7238,11419642
2024-09-05,20.825,20.65,20.52,20.62,5375,9468350
2024-09-06,21.0,20.97,20.67,20.67,5149,13606421
2024-09-09,21.6,21.5,20.925,20.96,5003,15444306
2024-09-10,21.86,21.71,21.335,21.43,6244,12510680
2024-09-11,21.6,21.45,21.241,21.6,4938,10170688
2024-09-12,21.635,21.59,21.175,21.33,4233,8772994
2024-09-13,21.67,21.64,21.44,21.61,6189,7897860
2024-09-16,22.335,22.27,21.84,21.84,6949,10935315
2024-09-17,22.09,21.78,21.71,22.03,4183,7118981
2024-09-18,21.99,21.73,21.645,21.9,4159,7133069
2024-09-19,21.7,21.36,21.185,21.64,5925,9442551
2024-09-20,21.62,21.54,21.24,21.3,6430,57465706
2024-09-23,21.57,21.49,21.365,21.56,4414,9829511
2024-09-24,21.66,21.59,21.33,21.35,4775,9285442
2024-09-25,21.74,21.56,21.52,21.66,4456,8172575
2024-09-26,21.755,21.65,21.44,21.47,6033,9389384
2024-09-27,21.935,21.9,21.69,21.71,4379,8347662
2024-09-30,22.06,22.0,21.665,22.02,4127,8262974
2024-10-01,22.145,22.13,21.84,21.95,4764,8803118
2024-10-02,22.24,22.19,22.005,22.07,3938,7691939
2024-10-03,22.22,22.05,21.97,22.18,3152,8629535
2024-10-04,21.975,21.91,21.485,21.68,4308,6632242
2024-10-07,21.91,21.78,21.67,21.91,4496,6721898
2024-10-08,21.98,21.86,21.72,21.9,3479,6949720
2024-10-09,22.0,21.93,21.785,21.9,3207,7579762
2024-10-10,21.675,21.22,21.21,21.67,5196,6983273
2024-10-11,21.44,21.37,21.225,21.33,3182,7661512
2024-10-14,21.405,21.26,21.26,21.37,3931,8709888
2024-10-15,21.605,21.51,21.24,21.44,5307,10282922
2024-10-16,21.76,21.71,21.49,21.52,3701,6082710
2024-10-17,21.77,21.73,21.55,21.55,4064,9455005
2024-10-18,22.06,21.85,21.635,21.73,3877,9048804
2024-10-21,21.965,21.66,21.65,21.85,8439,8080976
2024-10-22,21.615,21.5,21.05,21.21,6475,10457581
2024-10-23,22.58,22.49,21.05,21.45,13040,16022877
2024-10-24,22.48,22.2,22.06,22.35,5482,10404945
2024-10-25,22.41,21.83,21.81,22.31,3619,6889020
2024-10-28,22.15,22.11,21.825,21.89,3759,7952780
2024-10-29,22.36,22.18,21.925,21.99,4075,7359179
2024-10-30,22.255,22.02,21.905,22.14,3838,11617927
2024-10-31,22.59,22.54,22.08,22.08,6205,18314479
2024-11-01,22.725,22.12,22.07,22.6,5499,9534667
2024-11-04,22.24,21.92,21.79,22.12,3585,6823777
2024-11-05,22.165,22.05,21.84,21.89,3361,9004526
2024-11-06,22.39,22.32,21.975,22.0,5231,9429730
2024-11-07,22.26,22.04,21.965,22.26,5066,9527392
2024-11-08,22.43,22.34,22.13,22.14,5934,9170046
2024-11-11,22.475,22.31,22.25,22.33,3662,6880077
2024-11-12,22.29,22.15,21.795,22.22,5070,8504774
2024-11-13,22.385,22.3,22.06,22.18,4512,8551880
2024-11-14,22.46,22.25,22.22,22.3,4087,5499830
2024-11-15,22.745,22.68,22.195,22.24,5955,10218917
2024-11-18,23.195,22.99,22.81,22.82,5240,12375635
2024-11-19,22.895,22.73,22.685,22.83,3417,7347401
2024-11-20,22.9,22.83,22.74,22.78,3094,5255007
2024-11-21,23.145,22.98,22.74,22.8,5585,5540977
2024-11-22,23.29,23.18,22.935,23.13,5856,9137417
2024-11-25,23.32,23.1,22.955,23.16,6197,27800432
2024-11-26,23.105,23.09,22.88,23.07,4529,9358748
2024-11-27,23.375,23.27,23.01,23.2,5026,9250366
2024-11-29,23.305,23.16,23.015,23.28,2548,6851284
2024-12-02,23.16,22.7,22.645,23.16,5208,12881464
2024-12-03,24.03,23.74,23.39,23.49,8712,13271807
2024-12-04,23.825,23.53,23.37,23.68,6416,9143933
2024-12-05,23.89,23.83,23.59,23.62,5684,11495000
2024-12-06,23.9,23.88,23.565,23.82,4165,10741736
2024-12-09,23.985,23.37,23.35,23.88,5302,8418715
2024-12-10,23.655,23.51,23.11,23.39,5561,10562531
2024-12-11,23.535,23.48,23.145,23.45,4845,10747208
2024-12-12,23.73,23.36,23.36,23.6,3253,6406969
2024-12-13,23.665,23.63,23.27,23.41,5320,7475398
2024-12-16,23.8,22.84,22.61,23.76,8313,10406679
2024-12-17,22.98,22.83,22.68,22.85,8053,9442858
2024-12-18,22.98,22.48,22.47,22.83,8256,11246163
2024-12-19,22.68,22.57,22.43,22.5,5367,9822183
2024-12-20,22.75,22.75,22.52,22.59,4044,59433153
2024-12-23,22.865,22.84,22.59,22.67,4741,7736698
2024-12-24,22.98,22.95,22.76,22.84,1817,2890762
2024-12-26,23.15,22.96,22.88,22.95,2478,4302954
2024-12-27,23.07,22.86,22.82,22.85,3665,5697586
2024-12-30,22.77,22.61,22.44,22.76,4283,6298344
2024-12-31,22.84,22.77,22.64,22.65,2778,7512177
2025-01-02,23.16,22.83,22.81,22.85,3694,8039283
2025-01-03,22.96,22.67,22.655,22.9,3672,5183765
2025-01-06,22.77,22.6,22.53,22.77,3780,7211720
2025-01-07,22.64,22.2,22.165,22.57,4557,7571559
2025-01-08,22.245,22.18,21.67,22.09,7217,8912629
2025-01-10,22.04,21.69,21.5,21.89,5085,8972494
2025-01-13,21.67,21.56,21.4,21.61,4422,7863586
2025-01-14,21.81,21.8,21.38,21.52,4788,6389820
2025-01-15,22.08,21.91,21.88,21.95,4034,7130272
2025-01-16,22.125,22.02,21.84,22.0,11055,8118592
2025-01-17,22.365,22.29,22.01,22.12,4264,10597458
2025-01-21,22.54,22.49,22.23,22.23,8011,10461364
2025-01-22,22.475,22.32,22.03,22.39,5169,7324981
2025-01-23,22.655,22.53,22.225,22.45,5730,7824457
2025-01-24,22.79,22.72,22.555,22.58,7884,10952299
2025-01-27,24.36,24.14,23.55,23.56,18751,24074109
2025-01-28,24.58,24.4,23.92,24.0,14129,11764935
2025-01-29,24.98,24.23,24.2,24.77,6627,9080484
2025-01-30,24.23,24.02,23.78,24.11,8934,10088337
2025-01-31,24.13,23.73,23.665,24.05,5382,12422643
2025-02-03,24.425,24.25,23.7,23.7,8039,10869192
2025-02-04,24.425,24.25,24.08,24.2,4350,7036450
2025-02-05,24.57,24.47,24.28,24.5,4780,7491744
2025-02-06,24.56,24.45,24.3,24.55,3599,7485314
2025-02-07,24.725,24.54,24.25,24.45,6026,5525593
2025-02-10,24.935,24.86,24.62,24.64,5121,7996630
2025-02-11,25.175,25.15,24.81,24.91,5384,8735651
2025-02-12,25.38,25.36,25.055,25.15,6258,9711651
2025-02-13,25.735,25.63,25.36,25.49,9355,9224754
2025-02-14,25.93,25.87,25.655,25.67,10693,8002393
2025-02-18,26.175,26.07,25.71,25.75,8483,10776507
2025-02-19,26.345,26.24,26.07,26.25,4974,7276275
2025-02-20,26.28,26.15,25.945,26.17,7895,8898317
2025-02-21,26.72,26.62,25.975,26.1,7880,14530036
2025-02-24,27.12,26.74,26.6,26.64,11245,13357333
2025-02-25,27.15,26.65,26.26,26.92,8889,10124168
2025-02-26,26.81,26.775,26.53,26.6,2003,1864248
